Equipo;Corredor;Coef_historico;N_carreras;uci;Rating_historico;Color_gauge;victorias;victorias_pct;podiums;podiums_pct;top10;top10_pct;numero_cri;Coef_historico_old;N_carrers_old;uci_old;Rating_historico_old;Color_gauge_old;victorias_old;victorias_pct_old;podiums_old;podiums_pct_old;top10_old;top10_pct_old;numero_cri_old;Ranking;nacimiento
UAE Team Emirates;pogacar tadej;1.98;26;1443;97.0;#006400;7.0;26.92;14.0;53.85;22.0;84.62;26.0;1.822;22.0;773.0;94.0;#006400;5.0;22.73;10.0;45.45;18.0;81.82;22.0;1;1998-09-21
INEOS Grenadiers;ganna filippo;1.913;63;3802;95.0;#006400;26.0;41.27;42.0;66.67;54.0;85.71;63.0;1.914;54.0;3067.0;95.0;#006400;24.0;44.44;35.0;64.81;46.0;85.19;54.0;2;1996-07-25
Soudal Quick-Step;evenepoel remco;1.91;39;3278;95.0;#006400;16.0;41.03;30.0;76.92;36.0;92.31;39.0;1.845;33.0;2403.0;94.0;#006400;12.0;36.36;25.0;75.76;30.0;90.91;33.0;3;2000-01-25
Red Bull - BORA - hansgrohe;roglic primoz;1.9;60;2826;95.0;#006400;19.0;31.67;35.0;58.33;50.0;83.33;60.0;1.896;54.0;2431.0;95.0;#006400;18.0;33.33;31.0;57.41;45.0;8333;54.0;4;1989-10-29
INEOS Grenadiers;tarling joshua;1.837;12;905;94.0;#006400;5.0;41.67;9.0;75.0;11.0;91.67;12.0;1.809;8.0;575.0;93.0;#006400;4.0;50.0;7.0;87.5;7.0;87.5;8.0;5;2004-02-15
Team Visma | Lease a Bike;van aert wout;1.77;25;1735;93.0;#006400;8.0;32.0;16.0;64.0;21.0;84.0;25.0;1.915;21.0;1640.0;95.0;#006400;8.0;38.1;15.0;71.43;20.0;95.24;21.0;6;1994-09-15
UAE Team Emirates;almeida joao;1.691;35;805;91.0;#006400;3.0;8.57;11.0;31.43;27.0;77.14;35.0;1.671;29.0;582.0;91.0;#006400;2.0;6.9;10.0;34.48;22.0;75.86;29.0;7;1998-08-05
Groupama - FDJ;kung stefan;1.627;85;2954;90.0;#006400;21.0;24.71;38.0;44.71;62.0;72.94;85.0;1.64;75.0;2326.0;90.0;#006400;18.0;24.0;33.0;44.0;53.0;70.67;75.0;8;1993-11-16
INEOS Grenadiers;sheffield magnus;1.608;24;423;90.0;#006400;1.0;4.17;10.0;41.67;15.0;62.5;24.0;1.591;13.0;190.0;89.0;#008000;1.0;7.69;6.0;46.15;8.0;61.54;13.0;9;2002-04-19
INEOS Grenadiers;foss tobias;1.603;30;871;90.0;#006400;3.0;10.0;8.0;26.67;23.0;76.67;30.0;1.649;23.0;661.0;90.0;#006400;3.0;13.04;7.0;30.43;18.0;78.26;23.0;10;1997-05-25
Arkea - B&B Hotels;vauquelin kevin;1.536;17;156;88.0;#008000;1.0;5.88;4.0;23.53;11.0;64.71;17.0;1.411;9.0;39.0;86.0;#008000;0.0;0.0;2.0;22.22;6.0;66.67;9.0;11;2001-04-26
UAE Team Emirates;ayuso juan;1.525;20;303;88.0;#008000;4.0;20.0;5.0;25.0;15.0;75.0;20.0;1.329;12.0;180.0;84.0;#008000;2.0;16.67;2.0;16.67;9.0;75.0;12.0;12;2002-09-16
Team Visma | Lease a Bike;vingegaard jonas;1.52;26;687;88.0;#008000;2.0;7.69;9.0;34.62;18.0;69.23;26.0;1.394;21.0;397.0;86.0;#008000;2.0;9.52;7.0;33.33;13.0;61.9;21.0;13;1996-12-10
Soudal Quick-Step;asgreen kasper;1.458;46;982;87.0;#008000;5.0;10.87;12.0;26.09;31.0;67.39;46.0;1.55;37.0;810.0;89.0;#008000;5.0;13.51;11.0;29.73;27.0;72.97;37.0;14;1995-02-08
UAE Team Emirates;morgado antonio;1.44;2;50;86.0;#008000;1.0;50.0;1.0;50.0;1.0;50.0;2.0;;;;;;;;;;;;;15;2004-01-28
Movistar Team;cavagna remi;1.412;58;832;86.0;#008000;5.0;8.62;17.0;29.31;33.0;56.9;58.0;1.473;50.0;817.0;87.0;#008000;5.0;10.0;17.0;34.0;32.0;64.0;50.0;16;1995-08-10
INEOS Grenadiers;thomas geraint;1.399;89;1120;86.0;#008000;4.0;4.49;16.0;17.98;50.0;56.18;89.0;1.442;83.0;1015.0;86.0;#008000;4.0;4.82;16.0;19.28;48.0;57.83;83.0;17;1986-05-25
EF Education - EasyPost;bissegger stefan;1.378;41;936;85.0;#008000;5.0;12.2;14.0;34.15;25.0;60.98;41.0;1.479;29.0;818.0;87.0;#008000;5.0;17.24;11.0;37.93;20.0;68.97;29.0;18;1998-09-01
Lidl - Trek;skjelmose mattias;1.377;28;323;85.0;#008000;2.0;7.14;9.0;32.14;15.0;53.57;28.0;1.271;22.0;173.0;83.0;#008000;1.0;4.55;6.0;27.27;11.0;50.0;22.0;19;2000-09-26
Alpecin - Deceuninck;kragh andersen soren;1.376;40;200;85.0;#008000;2.0;5.0;7.0;17.5;20.0;50.0;40.0;1.43;36.0;198.0;86.0;#008000;2.0;5.56;7.0;19.44;19.0;52.78;36.0;20;1994-08-10
Alpecin - Deceuninck;van der poel mathieu;1.332;22;92;84.0;#008000;0.0;0.0;5.0;22.73;11.0;50.0;22.0;1.45;18.0;89.0;87.0;#008000;0.0;0.0;5.0;27.78;10.0;55.56;18.0;21;1995-01-19
INEOS Grenadiers;hayter ethan;1.327;24;472;84.0;#008000;3.0;12.5;9.0;37.5;17.0;70.83;24.0;1.574;17.0;431.0;89.0;#008000;3.0;17.65;8.0;47.06;13.0;76.47;17.0;22;1998-09-18
Red Bull - BORA - hansgrohe;schachmann maximilian;1.322;41;340;84.0;#008000;1.0;2.44;6.0;14.63;21.0;51.22;41.0;1.277;33.0;223.0;83.0;#008000;1.0;3.03;5.0;15.15;16.0;48.48;33.0;23;1994-01-09
Team Visma | Lease a Bike;affini edoardo;1.294;40;893;84.0;#008000;2.0;5.0;13.0;32.5;22.0;55.0;40.0;1.207;31.0;413.0;82.0;#008000;1.0;3.23;9.0;29.03;15.0;48.39;31.0;24;1996-06-02
INEOS Grenadiers;arensman thymen;1.292;32;400;84.0;#008000;1.0;3.12;4.0;12.5;13.0;40.62;32.0;1.287;23.0;200.0;84.0;#008000;1.0;4.35;3.0;13.04;9.0;39.13;23.0;25;1999-12-04
Red Bull - BORA - hansgrohe;martinez daniel felipe;1.28;38;301;83.0;#008000;4.0;10.53;6.0;15.79;17.0;44.74;38.0;1.229;32.0;211.0;82.0;#008000;3.0;9.38;5.0;15.62;14.0;43.75;32.0;26;1996-04-25
UAE Team Emirates;vine jay;1.275;20;470;83.0;#008000;2.0;10.0;5.0;25.0;10.0;50.0;20.0;1.127;13.0;140.0;80.0;#008000;1.0;7.69;1.0;7.69;5.0;38.46;13.0;27;1995-11-16
Lidl - Trek;vacek mathias;1.273;14;263;83.0;#008000;1.0;7.14;4.0;28.57;7.0;50.0;14.0;0.97;8.0;23.0;78.0;#ADFF2F;0.0;0.0;1.0;12.5;3.0;37.5;8.0;28;2002-06-12
UAE Team Emirates;bjerg mikkel;1.27;46;742;83.0;#008000;1.0;2.17;9.0;19.57;27.0;58.7;46.0;1.246;37.0;557.0;83.0;#008000;1.0;2.7;7.0;18.92;22.0;59.46;37.0;29;1998-11-03
Red Bull - BORA - hansgrohe;sobrero matteo;1.264;33;330;83.0;#008000;2.0;6.06;4.0;12.12;15.0;45.45;33.0;1.31;29.0;330.0;84.0;#008000;2.0;6.9;4.0;13.79;15.0;51.72;29.0;30;1997-05-01
Groupama - FDJ;gregoire romain;1.238;10;8;83.0;#008000;0.0;0.0;0.0;0.0;3.0;30.0;10.0;1.125;4.0;0.0;80.0;#008000;0.0;0.0;0.0;0.0;1.0;25.0;4.0;31;2003-01-21
Decathlon AG2R La Mondiale Team;armirail bruno;1.212;58;530;82.0;#008000;3.0;5.17;7.0;12.07;24.0;41.38;58.0;1.164;46.0;340.0;81.0;#008000;2.0;4.35;6.0;13.04;17.0;36.96;46.0;32;1994-04-11
Red Bull - BORA - hansgrohe;kamna lennard;1.188;32;124;82.0;#008000;1.0;3.12;2.0;6.25;8.0;25.0;32.0;1.186;31.0;124.0;82.0;#008000;1.0;3.23;2.0;6.45;8.0;25.81;31.0;33;1996-09-09
Cofidis;thomas benjamin;1.175;49;230;81.0;#008000;3.0;6.12;9.0;18.37;19.0;38.78;49.0;1.218;42.0;223.0;82.0;#008000;3.0;7.14;9.0;21.43;16.0;38.1;42.0;34;1987-11-30
Arkea - B&B Hotels;guernalec thibault;1.172;45;117;81.0;#008000;0.0;0.0;2.0;4.44;19.0;42.22;45.0;1.235;34.0;54.0;83.0;#008000;0.0;0.0;1.0;2.94;17.0;50.0;34.0;35;1997-07-31
Soudal Quick-Step;van wilder ilan;1.169;23;76;81.0;#008000;0.0;0.0;0.0;0.0;10.0;43.48;23.0;1.072;16.0;48.0;79.0;#ADFF2F;0.0;0.0;0.0;0.0;8.0;50.0;16.0;36;2000-05-01
Lidl - Trek;pedersen mads;1.168;46;198;81.0;#008000;4.0;8.7;12.0;26.09;23.0;50.0;46.0;1.181;39.0;154.0;82.0;#008000;3.0;7.69;8.0;20.51;19.0;48.72;39.0;37;1995-12-18
Red Bull - BORA - hansgrohe;vlasov aleksandr;1.16;34;271;81.0;#008000;2.0;5.88;2.0;5.88;11.0;32.35;34.0;1.133;28.0;238.0;81.0;#008000;2.0;7.14;2.0;7.14;10.0;35.71;28.0;38;1996-04-02
Cofidis;coppens michiel;1.159;1;0;81.0;#008000;0.0;0.0;0.0;0.0;0.0;0.0;1.0;;;;;;;;;;;;;39;2002-12-17
Soudal Quick-Step;cattaneo mattia;1.151;61;494;81.0;#008000;2.0;3.28;9.0;14.75;29.0;47.54;61.0;1.145;56.0;356.0;81.0;#008000;2.0;3.57;7.0;12.5;26.0;46.43;56.0;40;1990-10-25
Soudal Quick-Step;lampaert yves;1.146;61;707;81.0;#008000;6.0;9.84;14.0;22.95;31.0;50.82;61.0;1.216;56.0;647.0;82.0;#008000;5.0;8.93;13.0;23.21;30.0;53.57;56.0;41;1991-04-10
Red Bull - BORA - hansgrohe;jungels bob;1.142;77;370;81.0;#008000;6.0;7.79;12.0;15.58;27.0;35.06;77.0;1.197;71.0;370.0;82.0;#008000;6.0;8.45;12.0;16.9;27.0;38.03;71.0;42;1992-09-22
Team Visma | Lease a Bike;jorgenson matteo;1.138;17;200;81.0;#008000;0.0;0.0;1.0;5.88;4.0;23.53;17.0;0.943;14.0;40.0;77.0;#ADFF2F;0.0;0.0;1.0;7.14;1.0;7.14;14.0;43;1999-07-01
INEOS Grenadiers;hayter leo;1.135;3;0;81.0;#008000;0.0;0.0;0.0;0.0;1.0;33.33;3.0;1.135;3.0;0.0;81.0;#008000;0.0;0.0;0.0;0.0;1.0;33.33;3.0;44;2001-08-10
UAE Team Emirates;mcnulty brandon;1.132;46;796;81.0;#008000;5.0;10.87;8.0;17.39;24.0;52.17;46.0;1.093;38.0;401.0;80.0;#008000;1.0;2.63;4.0;10.53;19.0;50.0;38.0;45;1998-04-02
Red Bull - BORA - hansgrohe;herzog emil;1.129;3;5;81.0;#008000;0.0;0.0;0.0;0.0;2.0;66.67;3.0;;;;;;;;;;;;;46;2004-10-06
Movistar Team;milesi lorenzo;1.125;11;41;80.0;#008000;0.0;0.0;0.0;0.0;3.0;27.27;11.0;0.91;4.0;1.0;76.0;#ADFF2F;0.0;0.0;0.0;0.0;1.0;25.0;4.0;47;2002-03-19
UAE Team Emirates;politt nils;1.118;55;243;80.0;#008000;2.0;3.64;7.0;12.73;21.0;38.18;55.0;1.149;47.0;178.0;81.0;#008000;1.0;2.13;6.0;12.77;19.0;40.43;47.0;48;1994-03-06
Soudal Quick-Step;cerny josef;1.107;46;282;80.0;#008000;4.0;8.7;7.0;15.22;21.0;45.65;46.0;1.08;38.0;232.0;80.0;#008000;4.0;10.53;6.0;15.79;18.0;47.37;38.0;49;1993-05-11
Red Bull - BORA - hansgrohe;lipowitz florian;1.107;8;23;80.0;#008000;0.0;0.0;0.0;0.0;2.0;25.0;8.0;1.065;3.0;3.0;79.0;#ADFF2F;0.0;0.0;0.0;0.0;1.0;33.33;3.0;50;2000-09-21
INEOS Grenadiers;rodriguez carlos;1.106;18;77;80.0;#008000;0.0;0.0;1.0;5.56;5.0;27.78;18.0;1.064;10.0;67.0;79.0;#ADFF2F;0.0;0.0;1.0;10.0;4.0;40.0;10.0;51;2001-02-02
UAE Team Emirates;christen jan;1.106;11;23;80.0;#008000;0.0;0.0;1.0;9.09;2.0;18.18;11.0;1.041;2.0;0.0;79.0;#ADFF2F;0.0;0.0;0.0;0.0;0.0;0.0;2.0;52;2004-06-26
Team dsm-firmenich PostNL;bevin patrick;1.104;39;465;80.0;#008000;2.0;5.13;6.0;15.38;18.0;46.15;39.0;1.104;39.0;465.0;80.0;#008000;2.0;5.13;6.0;15.38;18.0;46.15;39.0;53;1991-02-15
Team Visma | Lease a Bike;tratnik jan;1.1;57;386;80.0;#008000;6.0;10.53;10.0;17.54;26.0;45.61;57.0;1.131;50.0;386.0;81.0;#008000;6.0;12.0;10.0;20.0;25.0;50.0;50.0;54;1990-02-02
Lidl - Trek;hoole daan;1.098;22;191;80.0;#008000;1.0;4.55;4.0;18.18;11.0;50.0;22.0;1.049;14.0;86.0;79.0;#ADFF2F;0.0;0.0;3.0;21.43;8.0;57.14;14.0;55;1999-02-22
Team Jayco AlUla;yates simon;1.097;46;290;80.0;#008000;2.0;4.35;3.0;6.52;8.0;17.39;46.0;1.106;42.0;270.0;80.0;#008000;2.0;4.76;3.0;7.14;8.0;19.05;42.0;56;1992-08-07
Cofidis;izagirre ion;1.094;94;320;80.0;#008000;3.0;3.19;10.0;10.64;39.0;41.49;94.0;1.145;89.0;319.0;81.0;#008000;3.0;3.37;10.0;11.24;38.0;42.7;89.0;57;1989-02-04
Team Jayco AlUla;durbridge luke;1.089;73;371;80.0;#008000;6.0;8.22;12.0;16.44;29.0;39.73;73.0;1.108;70.0;371.0;80.0;#008000;6.0;8.57;12.0;17.14;29.0;41.43;70.0;58;1991-04-09
Soudal Quick-Step;alaphilippe julian;1.06;42;259;79.0;#ADFF2F;3.0;7.14;6.0;14.29;14.0;33.33;42.0;1.102;37.0;229.0;80.0;#008000;3.0;8.11;5.0;13.51;13.0;35.14;37.0;59;1992-06-11
Team Jayco AlUla;walscheid max;1.06;45;124;79.0;#ADFF2F;0.0;0.0;2.0;4.44;17.0;37.78;45.0;1.017;37.0;109.0;78.0;#ADFF2F;0.0;0.0;2.0;5.41;13.0;35.14;37.0;60;1993-06-01
UAE Team Emirates;wellens tim;1.056;53;211;79.0;#ADFF2F;4.0;7.55;5.0;9.43;20.0;37.74;53.0;1.016;46.0;96.0;78.0;#ADFF2F;2.0;4.35;3.0;6.52;16.0;34.78;46.0;61;1991-05-10
Bahrain - Victorious;wright fred;1.045;23;70;79.0;#ADFF2F;0.0;0.0;2.0;8.7;5.0;21.74;23.0;1.123;18.0;70.0;80.0;#008000;0.0;0.0;2.0;11.11;5.0;27.78;18.0;62;1999-06-01
UAE Team Emirates;grossschartner felix;1.043;52;215;79.0;#ADFF2F;2.0;3.85;6.0;11.54;16.0;30.77;52.0;1.012;43.0;110.0;78.0;#ADFF2F;1.0;2.33;3.0;6.98;10.0;23.26;43.0;63;1993-12-02
Bahrain - Victorious;tiberi antonio;1.034;26;141;79.0;#ADFF2F;0.0;0.0;3.0;11.54;11.0;42.31;26.0;0.74;19.0;16.0;73.0;#ADFF2F;0.0;0.0;0.0;0.0;5.0;26.32;19.0;64;2001-06-02
Movistar Team;oliveira nelson;1.032;97;1017;79.0;#ADFF2F;0.0;0.0;5.0;5.15;30.0;30.93;97.0;1.033;85.0;977.0;79.0;#ADFF2F;0.0;0.0;5.0;5.88;30.0;35.29;85.0;65;1989-03-06
UAE Team Emirates;bax sjoerd;1.022;13;43;78.0;#ADFF2F;0.0;0.0;2.0;15.38;4.0;30.77;13.0;0.866;7.0;23.0;76.0;#ADFF2F;0.0;0.0;1.0;14.29;3.0;42.86;7.0;66;1996-01-06
UAE Team Emirates;yates adam;1.016;54;153;78.0;#ADFF2F;0.0;0.0;2.0;3.7;14.0;25.93;54.0;0.979;45.0;83.0;78.0;#ADFF2F;0.0;0.0;1.0;2.22;12.0;26.67;45.0;67;1992-08-07
Team Visma | Lease a Bike;kelderman wilco;1.013;76;167;78.0;#ADFF2F;0.0;0.0;3.0;3.95;21.0;27.63;76.0;1.03;70.0;165.0;79.0;#ADFF2F;0.0;0.0;3.0;4.29;20.0;28.57;70.0;68;1991-03-25
EF Education - EasyPost;healy ben;1.003;18;148;78.0;#ADFF2F;1.0;5.56;3.0;16.67;8.0;44.44;18.0;0.973;13.0;113.0;78.0;#ADFF2F;1.0;7.69;3.0;23.08;5.0;38.46;13.0;69;2000-09-11
INEOS Grenadiers;castroviejo jonathan;0.978;99;1083;78.0;#ADFF2F;7.0;7.07;18.0;18.18;42.0;42.42;99.0;1.1;92.0;1083.0;80.0;#008000;7.0;7.61;18.0;19.57;42.0;45.65;92.0;70;1987-04-27
EF Education - EasyPost;powless neilson;0.978;41;82;78.0;#ADFF2F;0.0;0.0;3.0;7.32;12.0;29.27;41.0;0.951;36.0;52.0;77.0;#ADFF2F;0.0;0.0;2.0;5.56;10.0;27.78;36.0;71;1996-09-03
Cofidis;knight oliver;0.974;7;5;78.0;#ADFF2F;0.0;0.0;0.0;0.0;1.0;14.29;7.0;1.014;2.0;0.0;78.0;#ADFF2F;0.0;0.0;0.0;0.0;0.0;0.0;2.0;72;2001-01-25
Movistar Team;mas enric;0.971;43;0;78.0;#ADFF2F;0.0;0.0;0.0;0.0;6.0;13.95;43.0;0.969;34.0;0.0;77.0;#ADFF2F;0.0;0.0;0.0;0.0;6.0;17.65;34.0;73;1995-01-07
Movistar Team;barta will;0.956;32;130;77.0;#ADFF2F;0.0;0.0;3.0;9.38;8.0;25.0;32.0;0.999;27.0;130.0;78.0;#ADFF2F;0.0;0.0;3.0;11.11;8.0;29.63;27.0;74;1996-01-04
EF Education - EasyPost;steinhauser georg;0.939;11;25;77.0;#ADFF2F;0.0;0.0;0.0;0.0;3.0;27.27;11.0;0.958;6.0;25.0;77.0;#ADFF2F;0.0;0.0;0.0;0.0;3.0;50.0;6.0;75;2001-10-21
Team Visma | Lease a Bike;van dijke mick;0.937;15;30;77.0;#ADFF2F;0.0;0.0;1.0;6.67;3.0;20.0;15.0;1.008;10.0;0.0;78.0;#ADFF2F;0.0;0.0;0.0;0.0;2.0;20.0;10.0;76;2000-03-15
Decathlon AG2R La Mondiale Team;o'connor ben;0.931;40;111;77.0;#ADFF2F;0.0;0.0;0.0;0.0;7.0;17.5;40.0;0.855;34.0;31.0;75.0;#ADFF2F;0.0;0.0;0.0;0.0;6.0;17.65;34.0;77;1995-11-25
UAE Team Emirates;fisher-black finn;0.921;18;65;77.0;#ADFF2F;0.0;0.0;1.0;5.56;6.0;33.33;18.0;0.815;14.0;40.0;75.0;#ADFF2F;0.0;0.0;1.0;7.14;4.0;28.57;14.0;78;2001-12-21
Team dsm-firmenich PostNL;poole max;0.918;10;2;77.0;#ADFF2F;0.0;0.0;0.0;0.0;2.0;20.0;10.0;0.676;5.0;2.0;72.0;#ADFF2F;0.0;0.0;0.0;0.0;1.0;20.0;5.0;79;2003-03-01
Movistar Team;romeo ivan;0.908;12;7;76.0;#ADFF2F;0.0;0.0;0.0;0.0;5.0;41.67;12.0;0.479;6.0;1.0;68.0;#FFFF00;0.0;0.0;0.0;0.0;1.0;16.67;6.0;80;2003-08-16
INEOS Grenadiers;kwiatkowski michal;0.907;74;391;76.0;#ADFF2F;3.0;4.05;9.0;12.16;28.0;37.84;74.0;0.976;69.0;391.0;78.0;#ADFF2F;3.0;4.35;9.0;13.04;28.0;40.58;69.0;81;1990-06-02
INEOS Grenadiers;swift connor;0.9;29;45;76.0;#ADFF2F;0.0;0.0;2.0;6.9;8.0;27.59;29.0;0.989;24.0;35.0;78.0;#ADFF2F;0.0;0.0;2.0;8.33;7.0;29.17;24.0;82;1995-10-30
Groupama - FDJ;gruel thibaud;0.9;6;0;76.0;#ADFF2F;0.0;0.0;0.0;0.0;0.0;0.0;6.0;;;;;;;;;;;;;83;2004-05-01
Team Jayco AlUla;matthews michael;0.897;57;142;76.0;#ADFF2F;2.0;3.51;3.0;5.26;16.0;28.07;57.0;0.886;53.0;142.0;76.0;#ADFF2F;2.0;3.77;3.0;5.66;16.0;30.19;53.0;84;1990-09-26
Team Visma | Lease a Bike;hagenes per strand;0.885;5;0;76.0;#ADFF2F;0.0;0.0;0.0;0.0;0.0;0.0;5.0;0.875;1.0;0.0;76.0;#ADFF2F;0.0;0.0;0.0;0.0;0.0;0.0;1.0;85;2003-07-10
Red Bull - BORA - hansgrohe;mullen ryan;0.885;61;519;76.0;#ADFF2F;6.0;9.84;8.0;13.11;17.0;27.87;61.0;0.907;55.0;504.0;76.0;#ADFF2F;6.0;10.91;7.0;12.73;16.0;29.09;55.0;86;1994-08-07
Team Jayco AlUla;schmid mauro;0.883;22;160;76.0;#ADFF2F;0.0;0.0;1.0;4.55;10.0;45.45;22.0;0.871;16.0;45.0;76.0;#ADFF2F;0.0;0.0;1.0;6.25;6.0;37.5;16.0;87;1999-12-04
Groupama - FDJ;martinez lenny;0.883;12;40;76.0;#ADFF2F;0.0;0.0;0.0;0.0;1.0;8.33;12.0;0.62;6.0;0.0;71.0;#ADFF2F;0.0;0.0;0.0;0.0;0.0;0.0;6.0;88;2003-07-11
UAE Team Emirates;sivakov pavel;0.874;35;34;76.0;#ADFF2F;0.0;0.0;1.0;2.86;5.0;14.29;35.0;0.965;28.0;34.0;77.0;#ADFF2F;0.0;0.0;1.0;3.57;5.0;17.86;28.0;89;1997-07-11
Groupama - FDJ;le huitouze eddy;0.865;7;25;75.0;#ADFF2F;0.0;0.0;0.0;0.0;2.0;28.57;7.0;;;;;;;;;;;;;90;2003-04-03
Lidl - Trek;felline fabio;0.865;66;124;75.0;#ADFF2F;1.0;1.52;4.0;6.06;13.0;19.7;66.0;0.879;63.0;124.0;76.0;#ADFF2F;1.0;1.59;4.0;6.35;13.0;20.63;63.0;91;1990-03-29
Team Visma | Lease a Bike;van baarle dylan;0.859;54;97;75.0;#ADFF2F;1.0;1.85;3.0;5.56;10.0;18.52;54.0;0.925;51.0;97.0;77.0;#ADFF2F;1.0;1.96;3.0;5.88;10.0;19.61;51.0;92;1992-05-21
UAE Team Emirates;baroncini filippo;0.852;17;115;75.0;#ADFF2F;0.0;0.0;1.0;5.88;5.0;29.41;17.0;0.857;10.0;15.0;75.0;#ADFF2F;0.0;0.0;0.0;0.0;3.0;30.0;10.0;93;2000-08-26
Bahrain - Victorious;sutterlin jasha;0.85;63;93;75.0;#ADFF2F;0.0;0.0;4.0;6.35;9.0;14.29;63.0;0.895;55.0;93.0;76.0;#ADFF2F;0.0;0.0;4.0;7.27;9.0;16.36;55.0;94;1992-11-04
Lidl - Trek;geoghegan hart tao;0.85;48;203;75.0;#ADFF2F;0.0;0.0;2.0;4.17;10.0;20.83;48.0;0.832;40.0;201.0;75.0;#ADFF2F;0.0;0.0;2.0;5.0;9.0;22.5;40.0;95;1995-03-30
Team dsm-firmenich PostNL;onley oscar;0.84;11;20;75.0;#ADFF2F;0.0;0.0;0.0;0.0;1.0;9.09;11.0;0.836;5.0;0.0;75.0;#ADFF2F;0.0;0.0;0.0;0.0;0.0;0.0;5.0;96;2002-10-01
Lidl - Trek;mollema bauke;0.84;85;118;75.0;#ADFF2F;1.0;1.18;6.0;7.06;21.0;24.71;85.0;0.864;81.0;115.0;75.0;#ADFF2F;1.0;1.23;6.0;7.41;20.0;24.69;81.0;97;1986-11-26
Movistar Team;norsgaard mathias;0.834;23;98;75.0;#ADFF2F;1.0;4.35;1.0;4.35;10.0;43.48;23.0;0.841;20.0;98.0;75.0;#ADFF2F;1.0;5.0;1.0;5.0;10.0;50.0;20.0;98;1997-05-05
Movistar Team;quintana nairo;0.83;59;87;75.0;#ADFF2F;1.0;1.69;5.0;8.47;11.0;18.64;59.0;0.964;52.0;72.0;77.0;#ADFF2F;1.0;1.92;5.0;9.62;10.0;19.23;52.0;99;1990-02-04
Team dsm-firmenich PostNL;edmondson alex;0.83;30;40;75.0;#ADFF2F;0.0;0.0;4.0;13.33;7.0;23.33;30.0;0.906;28.0;40.0;76.0;#ADFF2F;0.0;0.0;4.0;14.29;7.0;25.0;28.0;100;1993-12-22
UAE Team Emirates;ulissi diego;0.823;68;28;75.0;#ADFF2F;0.0;0.0;2.0;2.94;6.0;8.82;68.0;0.808;65.0;18.0;74.0;#ADFF2F;0.0;0.0;2.0;3.08;5.0;7.69;65.0;101;1989-07-15
INEOS Grenadiers;bernal egan;0.82;36;160;75.0;#ADFF2F;2.0;5.56;4.0;11.11;9.0;25.0;36.0;0.876;29.0;150.0;76.0;#ADFF2F;2.0;6.9;4.0;13.79;7.0;24.14;29.0;102;1997-01-01
Astana Qazaqstan Team;syritsa gleb;0.818;9;3;75.0;#ADFF2F;0.0;0.0;1.0;11.11;1.0;11.11;9.0;0.894;5.0;0.0;76.0;#ADFF2F;0.0;0.0;0.0;0.0;0.0;0.0;5.0;103;2000-04-01
UAE Team Emirates;soler marc;0.815;41;80;75.0;#ADFF2F;0.0;0.0;1.0;2.44;11.0;26.83;41.0;0.901;34.0;80.0;76.0;#ADFF2F;0.0;0.0;1.0;2.94;10.0;29.41;34.0;104;1993-11-22
Intermarche - Wanty;herregodts rune;0.814;23;129;75.0;#ADFF2F;1.0;4.35;4.0;17.39;12.0;52.17;23.0;0.805;15.0;85.0;74.0;#ADFF2F;0.0;0.0;1.0;6.67;8.0;53.33;15.0;105;1998-07-27
EF Education - EasyPost;beloki markel;0.806;3;30;74.0;#ADFF2F;0.0;0.0;1.0;33.33;1.0;33.33;3.0;;;;;;;;;;;;;106;2005-07-27
EF Education - EasyPost;nerurkar lukas;0.804;3;0;74.0;#ADFF2F;0.0;0.0;0.0;0.0;0.0;0.0;3.0;;;;;;;;;;;;;107;2003-11-01
Team Jayco AlUla;hepburn michael;0.803;62;100;74.0;#ADFF2F;0.0;0.0;3.0;4.84;18.0;29.03;62.0;0.93;56.0;80.0;77.0;#ADFF2F;0.0;0.0;2.0;3.57;17.0;30.36;56.0;108;1991-08-17
Team Visma | Lease a Bike;kruijswijk steven;0.786;75;53;74.0;#ADFF2F;0.0;0.0;1.0;1.33;12.0;16.0;75.0;0.852;70.0;53.0;75.0;#ADFF2F;0.0;0.0;1.0;1.43;12.0;17.14;70.0;109;1987-06-07
EF Education - EasyPost;de bod stefan;0.782;36;178;74.0;#ADFF2F;1.0;2.78;4.0;11.11;9.0;25.0;36.0;0.902;30.0;178.0;76.0;#ADFF2F;1.0;3.33;4.0;13.33;9.0;30.0;30.0;110;1996-11-17
Astana Qazaqstan Team;lutsenko alexey;0.762;61;95;74.0;#ADFF2F;1.0;1.64;1.0;1.64;4.0;6.56;61.0;0.763;56.0;85.0;74.0;#ADFF2F;1.0;1.79;1.0;1.79;4.0;7.14;56.0;111;1992-09-07
Team Jayco AlUla;craddock lawson;0.761;58;250;74.0;#ADFF2F;2.0;3.45;3.0;5.17;14.0;24.14;58.0;0.784;55.0;250.0;74.0;#ADFF2F;2.0;3.64;3.0;5.45;14.0;25.45;55.0;112;1992-02-20
Bahrain - Victorious;buitrago santiago;0.759;18;38;73.0;#ADFF2F;0.0;0.0;0.0;0.0;3.0;16.67;18.0;0.44;12.0;3.0;67.0;#FFFF00;0.0;0.0;0.0;0.0;1.0;8.33;12.0;113;1999-09-26
EF Education - EasyPost;rafferty darren;0.758;9;5;73.0;#ADFF2F;0.0;0.0;0.0;0.0;1.0;11.11;9.0;0.747;1.0;0.0;73.0;#ADFF2F;0.0;0.0;0.0;0.0;0.0;0.0;1.0;114;2003-07-01
Groupama - FDJ;watson samuel;0.753;11;43;73.0;#ADFF2F;0.0;0.0;2.0;18.18;5.0;45.45;11.0;0.608;5.0;0.0;71.0;#ADFF2F;0.0;0.0;0.0;0.0;1.0;20.0;5.0;115;2001-09-02
Arkea - B&B Hotels;scotson miles;0.75;34;35;73.0;#ADFF2F;0.0;0.0;1.0;2.94;10.0;29.41;34.0;0.783;31.0;35.0;74.0;#ADFF2F;0.0;0.0;1.0;3.23;10.0;32.26;31.0;116;1994-01-18
EF Education - EasyPost;uran rigoberto;0.725;75;177;73.0;#ADFF2F;2.0;2.67;4.0;5.33;13.0;17.33;75.0;0.766;70.0;174.0;74.0;#ADFF2F;2.0;2.86;4.0;5.71;12.0;17.14;70.0;117;1987-01-26
Team dsm-firmenich PostNL;eddy patrick;0.72;7;0;73.0;#ADFF2F;0.0;0.0;0.0;0.0;2.0;28.57;7.0;1.273;2.0;0.0;83.0;#008000;0.0;0.0;0.0;0.0;1.0;50.0;2.0;118;2002-10-17
Team Jayco AlUla;harper chris;0.713;22;75;73.0;#ADFF2F;0.0;0.0;2.0;9.09;6.0;27.27;22.0;0.703;19.0;45.0;72.0;#ADFF2F;0.0;0.0;1.0;5.26;5.0;26.32;19.0;119;1994-11-02
Bahrain - Victorious;caruso damiano;0.704;82;146;72.0;#ADFF2F;0.0;0.0;2.0;2.44;12.0;14.63;82.0;0.703;72.0;146.0;72.0;#ADFF2F;0.0;0.0;2.0;2.78;12.0;16.67;72.0;120;1987-10-12
Intermarche - Wanty;van sintmaartensdijk roel;0.697;8;0;72.0;#ADFF2F;0.0;0.0;0.0;0.0;1.0;12.5;8.0;0.456;1.0;0.0;68.0;#FFFF00;0.0;0.0;0.0;0.0;0.0;0.0;1.0;121;2001-05-08
Decathlon AG2R La Mondiale Team;paret-peintre aurelien;0.691;34;3;72.0;#ADFF2F;0.0;0.0;0.0;0.0;4.0;11.76;34.0;0.606;27.0;2.0;71.0;#ADFF2F;0.0;0.0;0.0;0.0;2.0;7.41;27.0;122;1996-02-27
Team Jayco AlUla;o'brien kelland;0.686;10;35;72.0;#ADFF2F;0.0;0.0;1.0;10.0;3.0;30.0;10.0;0.45;6.0;20.0;68.0;#FFFF00;0.0;0.0;1.0;16.67;1.0;16.67;6.0;123;1998-05-22
INEOS Grenadiers;de plus laurens;0.683;37;35;72.0;#ADFF2F;0.0;0.0;0.0;0.0;4.0;10.81;37.0;0.649;33.0;35.0;71.0;#ADFF2F;0.0;0.0;0.0;0.0;4.0;12.12;33.0;124;1995-09-04
Astana Qazaqstan Team;tejada harold;0.674;26;40;72.0;#ADFF2F;0.0;0.0;0.0;0.0;1.0;3.85;26.0;0.506;18.0;0.0;69.0;#FFFF00;0.0;0.0;0.0;0.0;0.0;0.0;18.0;125;1997-04-27
Decathlon AG2R La Mondiale Team;godon dorian;0.672;33;53;72.0;#ADFF2F;2.0;6.06;2.0;6.06;5.0;15.15;33.0;0.629;26.0;28.0;71.0;#ADFF2F;2.0;7.69;2.0;7.69;2.0;7.69;26.0;126;1996-05-25
Team Visma | Lease a Bike;van dijke tim;0.672;16;38;72.0;#ADFF2F;1.0;6.25;2.0;12.5;6.0;37.5;16.0;0.647;9.0;18.0;71.0;#ADFF2F;1.0;11.11;1.0;11.11;4.0;44.44;9.0;127;2000-03-15
Bahrain - Victorious;kepplinger rainer;0.669;11;10;72.0;#ADFF2F;0.0;0.0;0.0;0.0;1.0;9.09;11.0;0.546;4.0;0.0;69.0;#FFFF00;0.0;0.0;0.0;0.0;0.0;0.0;4.0;128;1997-08-19
INEOS Grenadiers;august andrew;0.655;3;0;71.0;#ADFF2F;0.0;0.0;0.0;0.0;0.0;0.0;3.0;;;;;;;;;;;;;129;2005-10-12
Lidl - Trek;milan jonathan;0.653;15;65;71.0;#ADFF2F;1.0;6.67;2.0;13.33;3.0;20.0;15.0;0.533;9.0;0.0;69.0;#FFFF00;0.0;0.0;0.0;0.0;0.0;0.0;9.0;130;2000-10-01
Lidl - Trek;bagioli andrea;0.65;16;0;71.0;#ADFF2F;0.0;0.0;0.0;0.0;1.0;6.25;16.0;0.718;10.0;0.0;73.0;#ADFF2F;0.0;0.0;0.0;0.0;1.0;10.0;10.0;131;1999-03-02
Lidl - Trek;kirsch alex;0.649;47;85;71.0;#ADFF2F;0.0;0.0;4.0;8.51;11.0;23.4;47.0;0.65;40.0;85.0;71.0;#ADFF2F;0.0;0.0;4.0;10.0;9.0;22.5;40.0;132;1992-06-12
Astana Qazaqstan Team;bettiol alberto;0.647;47;193;71.0;#ADFF2F;2.0;4.26;5.0;10.64;14.0;29.79;47.0;0.56;41.0;174.0;70.0;#ADFF2F;2.0;4.88;4.0;9.76;10.0;24.39;41.0;133;1993-10-29
UAE Team Emirates;del toro isaac;0.644;7;7;71.0;#ADFF2F;0.0;0.0;0.0;0.0;1.0;14.29;7.0;;;;;;;;;;;;;134;2003-11-27
Bahrain - Victorious;bilbao pello;0.643;69;183;71.0;#ADFF2F;1.0;1.45;2.0;2.9;14.0;20.29;69.0;0.625;65.0;180.0;71.0;#ADFF2F;1.0;1.54;2.0;3.08;13.0;20.0;65.0;135;1990-02-25
Arkea - B&B Hotels;costiou ewen;0.643;13;5;71.0;#ADFF2F;0.0;0.0;0.0;0.0;3.0;23.08;13.0;0.644;9.0;5.0;71.0;#ADFF2F;0.0;0.0;0.0;0.0;2.0;22.22;9.0;136;2002-11-10
Decathlon AG2R La Mondiale Team;boasson hagen edvald;0.642;67;145;71.0;#ADFF2F;3.0;4.48;6.0;8.96;16.0;23.88;67.0;0.69;65.0;145.0;72.0;#ADFF2F;3.0;4.62;6.0;9.23;16.0;24.62;65.0;137;1987-05-17
Decathlon AG2R La Mondiale Team;de pestel sander;0.641;12;11;71.0;#ADFF2F;0.0;0.0;0.0;0.0;2.0;16.67;12.0;0.417;6.0;1.0;67.0;#FFFF00;0.0;0.0;0.0;0.0;1.0;16.67;6.0;138;1998-10-11
Cofidis;herrada jesus;0.637;71;32;71.0;#ADFF2F;0.0;0.0;2.0;2.82;10.0;14.08;71.0;0.711;64.0;32.0;73.0;#ADFF2F;0.0;0.0;2.0;3.12;10.0;15.62;64.0;139;1990-07-26
Team Visma | Lease a Bike;laporte christophe;0.634;50;97;71.0;#ADFF2F;4.0;8.0;7.0;14.0;17.0;34.0;50.0;0.711;45.0;89.0;73.0;#ADFF2F;4.0;8.89;7.0;15.56;16.0;35.56;45.0;140;1992-12-11
Team Visma | Lease a Bike;gesink robert;0.62;66;21;71.0;#ADFF2F;0.0;0.0;1.0;1.52;5.0;7.58;66.0;0.673;58.0;21.0;72.0;#ADFF2F;0.0;0.0;1.0;1.72;5.0;8.62;58.0;141;1986-05-31
EF Education - EasyPost;carapaz richard;0.619;44;100;71.0;#ADFF2F;2.0;4.55;2.0;4.55;6.0;13.64;44.0;0.702;35.0;50.0;72.0;#ADFF2F;1.0;2.86;1.0;2.86;5.0;14.29;35.0;142;1993-05-29
EF Education - EasyPost;carr simon;0.616;17;0;71.0;#ADFF2F;0.0;0.0;0.0;0.0;1.0;5.88;17.0;0.615;14.0;0.0;71.0;#ADFF2F;0.0;0.0;0.0;0.0;0.0;0.0;14.0;143;1998-08-29
Arkea - B&B Hotels;garcia pierna raul;0.613;21;92;71.0;#ADFF2F;1.0;4.76;2.0;9.52;5.0;23.81;21.0;0.311;10.0;66.0;65.0;#FFFF00;1.0;10.0;1.0;10.0;3.0;30.0;10.0;144;2001-02-02
Cofidis;hermans ben;0.612;49;34;71.0;#ADFF2F;1.0;2.04;2.0;4.08;3.0;6.12;49.0;0.604;48.0;34.0;71.0;#ADFF2F;1.0;2.08;2.0;4.17;3.0;6.25;48.0;145;1986-06-08
Team Jayco AlUla;plapp luke;0.611;16;165;71.0;#ADFF2F;1.0;6.25;1.0;6.25;4.0;25.0;16.0;0.425;9.0;15.0;67.0;#FFFF00;0.0;0.0;0.0;0.0;1.0;11.11;9.0;146;2000-12-25
Team Visma | Lease a Bike;staune-mittet johannes;0.603;12;0;71.0;#ADFF2F;0.0;0.0;0.0;0.0;0.0;0.0;12.0;0.925;5.0;0.0;77.0;#ADFF2F;0.0;0.0;0.0;0.0;0.0;0.0;5.0;147;2002-01-18
EF Education - EasyPost;doull owain;0.591;36;20;70.0;#ADFF2F;0.0;0.0;0.0;0.0;6.0;16.67;36.0;0.664;31.0;20.0;72.0;#ADFF2F;0.0;0.0;0.0;0.0;6.0;19.35;31.0;148;1993-05-02
Bahrain - Victorious;poels wout;0.59;67;60;70.0;#ADFF2F;1.0;1.49;1.0;1.49;6.0;8.96;67.0;0.661;60.0;60.0;72.0;#ADFF2F;1.0;1.67;1.0;1.67;6.0;10.0;60.0;149;1987-10-01
Team dsm-firmenich PostNL;bardet romain;0.574;52;5;70.0;#ADFF2F;0.0;0.0;0.0;0.0;3.0;5.77;52.0;0.537;46.0;5.0;69.0;#FFFF00;0.0;0.0;0.0;0.0;3.0;6.52;46.0;150;1990-11-09
INEOS Grenadiers;pidcock thomas;0.574;15;20;70.0;#ADFF2F;0.0;0.0;0.0;0.0;1.0;6.67;15.0;0.451;10.0;0.0;68.0;#FFFF00;0.0;0.0;0.0;0.0;0.0;0.0;10.0;151;1999-07-30
Team Visma | Lease a Bike;tulett ben;0.573;19;31;70.0;#ADFF2F;1.0;5.26;2.0;10.53;6.0;31.58;19.0;0.848;15.0;31.0;75.0;#ADFF2F;1.0;6.67;2.0;13.33;6.0;40.0;15.0;152;2001-08-26
Team dsm-firmenich PostNL;leijnse enzo;0.572;10;0;70.0;#ADFF2F;0.0;0.0;0.0;0.0;0.0;0.0;10.0;0.726;3.0;0.0;73.0;#ADFF2F;0.0;0.0;0.0;0.0;0.0;0.0;3.0;153;2001-07-16
Team Visma | Lease a Bike;bouwman koen;0.572;50;45;70.0;#ADFF2F;0.0;0.0;1.0;2.0;7.0;14.0;50.0;0.617;46.0;45.0;71.0;#ADFF2F;0.0;0.0;1.0;2.17;7.0;15.22;46.0;154;1993-12-02
UAE Team Emirates;majka rafal;0.571;79;6;70.0;#ADFF2F;0.0;0.0;1.0;1.27;8.0;10.13;79.0;0.586;71.0;6.0;70.0;#ADFF2F;0.0;0.0;1.0;1.41;8.0;11.27;71.0;155;1989-09-12
Alpecin - Deceuninck;hollmann juri;0.568;18;11;70.0;#ADFF2F;0.0;0.0;1.0;5.56;4.0;22.22;18.0;0.694;12.0;11.0;72.0;#ADFF2F;0.0;0.0;1.0;8.33;4.0;33.33;12.0;156;1999-08-30
INEOS Grenadiers;leonard michael;0.56;6;0;70.0;#ADFF2F;0.0;0.0;0.0;0.0;1.0;16.67;6.0;1.094;2.0;0.0;80.0;#008000;0.0;0.0;0.0;0.0;1.0;50.0;2.0;157;1987-01-16
Red Bull - BORA - hansgrohe;welsford sam;0.558;8;3;70.0;#ADFF2F;0.0;0.0;0.0;0.0;2.0;25.0;8.0;0.662;6.0;3.0;72.0;#ADFF2F;0.0;0.0;0.0;0.0;2.0;33.33;6.0;158;1996-01-19
Cofidis;perez anthony;0.557;48;19;70.0;#ADFF2F;0.0;0.0;0.0;0.0;7.0;14.58;48.0;0.593;43.0;4.0;70.0;#ADFF2F;0.0;0.0;0.0;0.0;7.0;16.28;43.0;159;1991-04-22
Cofidis;gougeard alexis;0.557;55;40;70.0;#ADFF2F;0.0;0.0;1.0;1.82;6.0;10.91;55.0;0.572;53.0;40.0;70.0;#ADFF2F;0.0;0.0;1.0;1.89;6.0;11.32;53.0;160;1993-03-05
EF Education - EasyPost;rutsch jonas;0.556;28;20;70.0;#ADFF2F;0.0;0.0;0.0;0.0;3.0;10.71;28.0;0.631;22.0;20.0;71.0;#ADFF2F;0.0;0.0;0.0;0.0;3.0;13.64;22.0;161;1998-01-02
EF Education - EasyPost;costa rui;0.55;88;62;69.0;#FFFF00;1.0;1.14;5.0;5.68;16.0;18.18;88.0;0.577;81.0;42.0;70.0;#ADFF2F;1.0;1.23;4.0;4.94;15.0;18.52;81.0;162;1986-10-05
Red Bull - BORA - hansgrohe;hindley jai;0.549;37;0;69.0;#FFFF00;0.0;0.0;0.0;0.0;0.0;0.0;37.0;0.459;30.0;0.0;68.0;#FFFF00;0.0;0.0;0.0;0.0;0.0;0.0;30.0;163;1996-05-05
Bahrain - Victorious;haig jack;0.548;47;0;69.0;#FFFF00;0.0;0.0;0.0;0.0;2.0;4.26;47.0;0.519;41.0;0.0;69.0;#FFFF00;0.0;0.0;0.0;0.0;2.0;4.88;41.0;164;1993-09-06
Groupama - FDJ;geniets kevin;0.545;28;70;69.0;#FFFF00;1.0;3.57;2.0;7.14;3.0;10.71;28.0;0.7;22.0;70.0;72.0;#ADFF2F;1.0;4.55;2.0;9.09;3.0;13.64;22.0;165;1997-01-09
Groupama - FDJ;davy clement;0.545;23;24;69.0;#FFFF00;0.0;0.0;0.0;0.0;3.0;13.04;23.0;0.54;17.0;24.0;69.0;#FFFF00;0.0;0.0;0.0;0.0;3.0;17.65;17.0;166;1998-07-17
Bahrain - Victorious;price-pejtersen johan;0.543;16;114;69.0;#FFFF00;0.0;0.0;1.0;6.25;6.0;37.5;16.0;0.454;9.0;23.0;68.0;#FFFF00;0.0;0.0;0.0;0.0;3.0;33.33;9.0;167;1999-05-26
Red Bull - BORA - hansgrohe;maciejuk filip;0.54;13;6;69.0;#FFFF00;0.0;0.0;0.0;0.0;1.0;7.69;13.0;0.226;7.0;0.0;63.0;#FFFF00;0.0;0.0;0.0;0.0;0.0;0.0;7.0;168;1999-09-03
Groupama - FDJ;paleni enzo;0.539;16;33;69.0;#FFFF00;0.0;0.0;0.0;0.0;2.0;12.5;16.0;0.384;8.0;33.0;66.0;#FFFF00;0.0;0.0;0.0;0.0;2.0;25.0;8.0;169;2002-05-30
Team dsm-firmenich PostNL;eekhoff nils;0.537;17;20;69.0;#FFFF00;1.0;5.88;1.0;5.88;1.0;5.88;17.0;0.659;16.0;20.0;72.0;#ADFF2F;1.0;6.25;1.0;6.25;1.0;6.25;16.0;170;1998-01-02
Team Jayco AlUla;mackellar alastair;0.53;4;0;69.0;#FFFF00;0.0;0.0;0.0;0.0;0.0;0.0;4.0;0.53;4.0;0.0;69.0;#FFFF00;0.0;0.0;0.0;0.0;0.0;0.0;4.0;171;2002-01-20
Movistar Team;romo javier;0.528;14;0;69.0;#FFFF00;0.0;0.0;0.0;0.0;1.0;7.14;14.0;0.624;8.0;0.0;71.0;#ADFF2F;0.0;0.0;0.0;0.0;1.0;12.5;8.0;172;1999-01-06
UAE Team Emirates;oliveira ivo;0.525;31;200;69.0;#FFFF00;2.0;6.45;6.0;19.35;9.0;29.03;31.0;0.429;23.0;135.0;67.0;#FFFF00;2.0;8.7;4.0;17.39;6.0;26.09;23.0;173;1996-09-05
Cofidis;zingle axel;0.52;14;18;69.0;#FFFF00;0.0;0.0;1.0;7.14;2.0;14.29;14.0;0.482;8.0;15.0;68.0;#FFFF00;0.0;0.0;1.0;12.5;1.0;12.5;8.0;174;1998-12-18
Soudal Quick-Step;masnada fausto;0.52;34;0;69.0;#FFFF00;0.0;0.0;0.0;0.0;1.0;2.94;34.0;0.721;28.0;0.0;73.0;#ADFF2F;0.0;0.0;0.0;0.0;1.0;3.57;28.0;175;1993-11-06
Groupama - FDJ;gaudu david;0.515;41;30;69.0;#FFFF00;0.0;0.0;0.0;0.0;2.0;4.88;41.0;0.541;32.0;30.0;69.0;#FFFF00;0.0;0.0;0.0;0.0;2.0;6.25;32.0;176;1996-10-10
Lidl - Trek;konrad patrick;0.512;59;23;69.0;#FFFF00;0.0;0.0;2.0;3.39;4.0;6.78;59.0;0.487;52.0;23.0;68.0;#FFFF00;0.0;0.0;2.0;3.85;4.0;7.69;52.0;177;1991-10-01
Lidl - Trek;cataldo dario;0.508;77;17;69.0;#FFFF00;0.0;0.0;0.0;0.0;9.0;11.69;77.0;0.535;75.0;17.0;69.0;#FFFF00;0.0;0.0;0.0;0.0;9.0;12.0;75.0;178;1985-03-17
Red Bull - BORA - hansgrohe;buchmann emanuel;0.499;41;0;69.0;#FFFF00;0.0;0.0;0.0;0.0;2.0;4.88;41.0;0.549;38.0;0.0;69.0;#FFFF00;0.0;0.0;0.0;0.0;2.0;5.26;38.0;179;1992-11-18
Movistar Team;lazkano oier;0.493;24;95;68.0;#FFFF00;0.0;0.0;2.0;8.33;4.0;16.67;24.0;0.412;18.0;60.0;67.0;#FFFF00;0.0;0.0;2.0;11.11;2.0;11.11;18.0;180;1999-11-07
EF Education - EasyPost;valgren michael;0.492;53;45;68.0;#FFFF00;0.0;0.0;1.0;1.89;4.0;7.55;53.0;0.54;46.0;45.0;69.0;#FFFF00;0.0;0.0;1.0;2.17;4.0;8.7;46.0;181;1992-02-07
Soudal Quick-Step;moscon gianni;0.481;33;180;68.0;#FFFF00;2.0;6.06;3.0;9.09;8.0;24.24;33.0;0.641;29.0;180.0;71.0;#ADFF2F;2.0;6.9;3.0;10.34;8.0;27.59;29.0;182;1994-04-20
Team dsm-firmenich PostNL;tusveld martijn;0.481;47;9;68.0;#FFFF00;0.0;0.0;0.0;0.0;3.0;6.38;47.0;0.554;41.0;9.0;70.0;#ADFF2F;0.0;0.0;0.0;0.0;3.0;7.32;41.0;183;1993-09-09
Lidl - Trek;gibbons ryan;0.478;35;141;68.0;#FFFF00;2.0;5.71;3.0;8.57;5.0;14.29;35.0;0.475;29.0;91.0;68.0;#FFFF00;1.0;3.45;2.0;6.9;4.0;13.79;29.0;184;1994-08-01
EF Education - EasyPost;carthy hugh;0.472;40;12;68.0;#FFFF00;0.0;0.0;0.0;0.0;3.0;7.5;40.0;0.48;39.0;12.0;68.0;#FFFF00;0.0;0.0;0.0;0.0;3.0;7.69;39.0;185;1994-07-09
Soudal Quick-Step;reinderink pepijn;0.469;6;1;68.0;#FFFF00;0.0;0.0;0.0;0.0;1.0;16.67;6.0;;;;;;;;;;;;;186;2002-05-04
Team Visma | Lease a Bike;van belle loe;0.469;7;0;68.0;#FFFF00;0.0;0.0;0.0;0.0;1.0;14.29;7.0;0.577;4.0;0.0;70.0;#ADFF2F;0.0;0.0;0.0;0.0;1.0;25.0;4.0;187;2002-01-02
Bahrain - Victorious;arndt nikias;0.468;69;56;68.0;#FFFF00;0.0;0.0;2.0;2.9;9.0;13.04;69.0;0.573;61.0;48.0;70.0;#ADFF2F;0.0;0.0;2.0;3.28;8.0;13.11;61.0;188;1991-11-18
EF Education - EasyPost;todome yuhi;0.465;2;0;68.0;#FFFF00;0.0;0.0;0.0;0.0;0.0;0.0;2.0;;;;;;;;;;;;;189;2002-06-18
Cofidis;izagirre gorka;0.465;80;74;68.0;#FFFF00;0.0;0.0;3.0;3.75;11.0;13.75;80.0;0.502;76.0;74.0;69.0;#FFFF00;0.0;0.0;3.0;3.95;11.0;14.47;76.0;190;1987-10-07
Alpecin - Deceuninck;meurisse xandro;0.459;53;16;68.0;#FFFF00;0.0;0.0;0.0;0.0;4.0;7.55;53.0;0.47;45.0;16.0;68.0;#FFFF00;0.0;0.0;0.0;0.0;4.0;8.89;45.0;191;1992-01-31
Astana Qazaqstan Team;scaroni christian;0.441;12;1;67.0;#FFFF00;0.0;0.0;0.0;0.0;1.0;8.33;12.0;0.454;8.0;1.0;68.0;#FFFF00;0.0;0.0;0.0;0.0;1.0;12.5;8.0;192;1997-10-16
INEOS Grenadiers;rivera brandon smith;0.441;20;48;67.0;#FFFF00;0.0;0.0;1.0;5.0;5.0;25.0;20.0;-0.036;10.0;15.0;58.0;#FFA500;0.0;0.0;0.0;0.0;1.0;10.0;10.0;193;1996-03-21
Team Jayco AlUla;de marchi alessandro;0.441;73;169;67.0;#FFFF00;0.0;0.0;3.0;4.11;10.0;13.7;73.0;0.499;66.0;166.0;69.0;#FFFF00;0.0;0.0;3.0;4.55;9.0;13.64;66.0;194;1986-05-19
Red Bull - BORA - hansgrohe;higuita sergio;0.439;33;0;67.0;#FFFF00;0.0;0.0;0.0;0.0;0.0;0.0;33.0;0.484;26.0;0.0;68.0;#FFFF00;0.0;0.0;0.0;0.0;0.0;0.0;26.0;195;1997-08-01
Arkea - B&B Hotels;delaplace anthony;0.434;62;66;67.0;#FFFF00;0.0;0.0;1.0;1.61;5.0;8.06;62.0;0.454;58.0;66.0;68.0;#FFFF00;0.0;0.0;1.0;1.72;5.0;8.62;58.0;196;1989-09-11
Team Visma | Lease a Bike;lemmen bart;0.431;14;0;67.0;#FFFF00;0.0;0.0;0.0;0.0;2.0;14.29;14.0;0.969;6.0;0.0;77.0;#ADFF2F;0.0;0.0;0.0;0.0;2.0;33.33;6.0;197;1995-10-01
EF Education - EasyPost;sweeny harry;0.429;21;30;67.0;#FFFF00;0.0;0.0;0.0;0.0;3.0;14.29;21.0;0.345;17.0;0.0;66.0;#FFFF00;0.0;0.0;0.0;0.0;1.0;5.88;17.0;198;1998-07-09
Intermarche - Wanty;van hoecke gijs;0.429;37;0;67.0;#FFFF00;0.0;0.0;0.0;0.0;0.0;0.0;37.0;0.484;32.0;0.0;68.0;#FFFF00;0.0;0.0;0.0;0.0;0.0;0.0;32.0;199;1991-11-12
UAE Team Emirates;hirschi marc;0.427;33;65;67.0;#FFFF00;0.0;0.0;2.0;6.06;6.0;18.18;33.0;0.369;27.0;60.0;66.0;#FFFF00;0.0;0.0;2.0;7.41;5.0;18.52;27.0;200;1998-08-02
Team Jayco AlUla;dunbar eddie;0.423;36;78;67.0;#FFFF00;1.0;2.78;3.0;8.33;4.0;11.11;36.0;0.436;27.0;53.0;67.0;#FFFF00;0.0;0.0;2.0;7.41;3.0;11.11;27.0;201;1996-09-01
Arkea - B&B Hotels;champoussin clement;0.42;21;0;67.0;#FFFF00;0.0;0.0;0.0;0.0;0.0;0.0;21.0;0.51;16.0;0.0;69.0;#FFFF00;0.0;0.0;0.0;0.0;0.0;0.0;16.0;202;1998-05-29
Bahrain - Victorious;gradek kamil;0.418;26;5;67.0;#FFFF00;0.0;0.0;0.0;0.0;2.0;7.69;26.0;0.501;22.0;5.0;69.0;#FFFF00;0.0;0.0;0.0;0.0;2.0;9.09;22.0;203;1990-09-17
Intermarche - Wanty;calmejane lilian;0.405;42;5;67.0;#FFFF00;0.0;0.0;1.0;2.38;3.0;7.14;42.0;0.389;38.0;5.0;66.0;#FFFF00;0.0;0.0;1.0;2.63;3.0;7.89;38.0;204;1992-12-06
Red Bull - BORA - hansgrohe;zwiehoff ben;0.403;20;0;67.0;#FFFF00;0.0;0.0;0.0;0.0;0.0;0.0;20.0;0.432;15.0;0.0;67.0;#FFFF00;0.0;0.0;0.0;0.0;0.0;0.0;15.0;205;1994-02-22
Team dsm-firmenich PostNL;van den broek frank;0.401;6;0;67.0;#FFFF00;0.0;0.0;0.0;0.0;0.0;0.0;6.0;0.045;1.0;0.0;60.0;#FFFF00;0.0;0.0;0.0;0.0;0.0;0.0;1.0;206;2000-12-28
Decathlon AG2R La Mondiale Team;touze damien;0.384;25;0;66.0;#FFFF00;0.0;0.0;0.0;0.0;1.0;4.0;25.0;0.256;18.0;0.0;64.0;#FFFF00;0.0;0.0;0.0;0.0;0.0;0.0;18.0;207;1996-07-07
Team dsm-firmenich PostNL;van uden casper;0.383;9;0;66.0;#FFFF00;0.0;0.0;0.0;0.0;0.0;0.0;9.0;0.29;5.0;0.0;65.0;#FFFF00;0.0;0.0;0.0;0.0;0.0;0.0;5.0;208;2001-07-22
Cofidis;fretin milan;0.382;7;0;66.0;#FFFF00;0.0;0.0;0.0;0.0;0.0;0.0;7.0;0.517;4.0;0.0;69.0;#FFFF00;0.0;0.0;0.0;0.0;0.0;0.0;4.0;209;2001-03-19
Soudal Quick-Step;svrcek martin;0.381;7;0;66.0;#FFFF00;0.0;0.0;0.0;0.0;1.0;14.29;7.0;0.514;5.0;0.0;69.0;#FFFF00;0.0;0.0;0.0;0.0;1.0;20.0;5.0;210;2003-02-17
INEOS Grenadiers;turner ben;0.377;9;11;66.0;#FFFF00;0.0;0.0;0.0;0.0;3.0;33.33;9.0;0.625;4.0;1.0;71.0;#ADFF2F;0.0;0.0;0.0;0.0;2.0;50.0;4.0;211;1999-05-28
INEOS Grenadiers;rodriguez oscar;0.367;42;16;66.0;#FFFF00;0.0;0.0;0.0;0.0;4.0;9.52;42.0;0.406;34.0;16.0;67.0;#FFFF00;0.0;0.0;0.0;0.0;4.0;11.76;34.0;212;1995-05-06
Alpecin - Deceuninck;rickaert jonas;0.367;40;21;66.0;#FFFF00;0.0;0.0;0.0;0.0;2.0;5.0;40.0;0.391;35.0;21.0;66.0;#FFFF00;0.0;0.0;0.0;0.0;2.0;5.71;35.0;213;1994-02-07
Team Jayco AlUla;hamilton lucas;0.366;34;10;66.0;#FFFF00;0.0;0.0;0.0;0.0;1.0;2.94;34.0;0.442;30.0;10.0;67.0;#FFFF00;0.0;0.0;0.0;0.0;1.0;3.33;30.0;214;1996-02-12
Decathlon AG2R La Mondiale Team;warbasse larry;0.361;63;40;66.0;#FFFF00;0.0;0.0;0.0;0.0;4.0;6.35;63.0;0.31;56.0;40.0;65.0;#FFFF00;0.0;0.0;0.0;0.0;3.0;5.36;56.0;215;1990-06-28
EF Education - EasyPost;honore mikkel frolich;0.358;29;0;66.0;#FFFF00;0.0;0.0;0.0;0.0;1.0;3.45;29.0;0.363;23.0;0.0;66.0;#FFFF00;0.0;0.0;0.0;0.0;1.0;4.35;23.0;216;1997-01-21
INEOS Grenadiers;heiduk kim;0.356;15;0;66.0;#FFFF00;0.0;0.0;0.0;0.0;3.0;20.0;15.0;0.329;7.0;0.0;65.0;#FFFF00;0.0;0.0;0.0;0.0;1.0;14.29;7.0;217;2000-03-03
Team Visma | Lease a Bike;valter attila;0.353;28;70;66.0;#FFFF00;0.0;0.0;3.0;10.71;4.0;14.29;28.0;0.457;20.0;70.0;68.0;#FFFF00;0.0;0.0;3.0;15.0;4.0;20.0;20.0;218;1998-06-12
Decathlon AG2R La Mondiale Team;baudin alex;0.352;12;0;66.0;#FFFF00;0.0;0.0;0.0;0.0;1.0;8.33;12.0;-0.361;5.0;0.0;52.0;#FFA500;0.0;0.0;0.0;0.0;0.0;0.0;5.0;219;2001-05-25
Groupama - FDJ;penhoet paul;0.347;10;0;66.0;#FFFF00;0.0;0.0;0.0;0.0;0.0;0.0;10.0;0.295;7.0;0.0;65.0;#FFFF00;0.0;0.0;0.0;0.0;0.0;0.0;7.0;220;2001-12-28
Astana Qazaqstan Team;velasco simone;0.345;28;15;66.0;#FFFF00;0.0;0.0;0.0;0.0;1.0;3.57;28.0;0.253;22.0;15.0;64.0;#FFFF00;0.0;0.0;0.0;0.0;1.0;4.55;22.0;221;1995-12-02
Bahrain - Victorious;mohoric matej;0.344;51;136;66.0;#FFFF00;1.0;1.96;4.0;7.84;7.0;13.73;51.0;0.313;46.0;86.0;65.0;#FFFF00;0.0;0.0;3.0;6.52;6.0;13.04;46.0;222;1994-10-19
Movistar Team;formolo davide;0.344;57;0;66.0;#FFFF00;0.0;0.0;0.0;0.0;0.0;0.0;57.0;0.424;51.0;0.0;67.0;#FFFF00;0.0;0.0;0.0;0.0;0.0;0.0;51.0;223;1992-10-25
Arkea - B&B Hotels;senechal florian;0.341;44;11;66.0;#FFFF00;0.0;0.0;1.0;2.27;2.0;4.55;44.0;0.397;41.0;11.0;67.0;#FFFF00;0.0;0.0;1.0;2.44;2.0;4.88;41.0;224;1993-07-10
Astana Qazaqstan Team;fedorov yevgeniy;0.339;13;0;65.0;#FFFF00;0.0;0.0;0.0;0.0;0.0;0.0;13.0;0.437;8.0;0.0;67.0;#FFFF00;0.0;0.0;0.0;0.0;0.0;0.0;8.0;225;2000-02-16
Soudal Quick-Step;landa mikel;0.338;64;70;65.0;#FFFF00;0.0;0.0;1.0;1.56;2.0;3.12;64.0;0.293;57.0;25.0;65.0;#FFFF00;0.0;0.0;1.0;1.75;1.0;1.75;57.0;226;1989-12-01
EF Education - EasyPost;amador andrey;0.331;80;33;65.0;#FFFF00;0.0;0.0;3.0;3.75;10.0;12.5;80.0;0.36;79.0;33.0;66.0;#FFFF00;0.0;0.0;3.0;3.8;10.0;12.66;79.0;227;1986-08-29
Soudal Quick-Step;vervaeke louis;0.33;39;3;65.0;#FFFF00;0.0;0.0;0.0;0.0;2.0;5.13;39.0;0.405;31.0;3.0;67.0;#FFFF00;0.0;0.0;0.0;0.0;2.0;6.45;31.0;228;1993-10-06
Team dsm-firmenich PostNL;van den berg julius;0.33;31;18;65.0;#FFFF00;0.0;0.0;0.0;0.0;3.0;9.68;31.0;0.497;25.0;18.0;68.0;#FFFF00;0.0;0.0;0.0;0.0;3.0;12.0;25.0;229;1996-10-02
Soudal Quick-Step;pedersen casper;0.327;30;6;65.0;#FFFF00;0.0;0.0;0.0;0.0;5.0;16.67;30.0;0.485;27.0;6.0;68.0;#FFFF00;0.0;0.0;0.0;0.0;5.0;18.52;27.0;230;1996-03-15
Lidl - Trek;oomen sam;0.326;46;5;65.0;#FFFF00;0.0;0.0;0.0;0.0;1.0;2.17;46.0;0.389;39.0;5.0;66.0;#FFFF00;0.0;0.0;0.0;0.0;1.0;2.56;39.0;231;1995-08-15
Red Bull - BORA - hansgrohe;aleotti giovanni;0.324;21;14;65.0;#FFFF00;1.0;4.76;1.0;4.76;1.0;4.76;21.0;0.464;15.0;14.0;68.0;#FFFF00;1.0;6.67;1.0;6.67;1.0;6.67;15.0;232;1999-05-25
Team Visma | Lease a Bike;uijtdebroeks cian;0.322;16;10;65.0;#FFFF00;0.0;0.0;0.0;0.0;2.0;12.5;16.0;0.437;10.0;10.0;67.0;#FFFF00;0.0;0.0;0.0;0.0;2.0;20.0;10.0;233;2003-02-28
Red Bull - BORA - hansgrohe;hajek alexander;0.319;1;0;65.0;#FFFF00;0.0;0.0;0.0;0.0;0.0;0.0;1.0;;;;;;;;;;;;;234;2003-07-19
Movistar Team;aranburu alex;0.319;32;50;65.0;#FFFF00;0.0;0.0;1.0;3.12;5.0;15.62;32.0;0.276;26.0;45.0;64.0;#FFFF00;0.0;0.0;1.0;3.85;3.0;11.54;26.0;235;1995-09-19
Team Jayco AlUla;reinders elmar;0.318;24;15;65.0;#FFFF00;0.0;0.0;0.0;0.0;3.0;12.5;24.0;0.422;20.0;15.0;67.0;#FFFF00;0.0;0.0;0.0;0.0;3.0;15.0;20.0;236;1992-03-01
Movistar Team;canal carlos;0.315;16;1;65.0;#FFFF00;0.0;0.0;0.0;0.0;3.0;18.75;16.0;0.304;12.0;1.0;65.0;#FFFF00;0.0;0.0;0.0;0.0;3.0;25.0;12.0;237;2001-06-28
Intermarche - Wanty;goossens kobe;0.313;24;0;65.0;#FFFF00;0.0;0.0;0.0;0.0;0.0;0.0;24.0;0.314;18.0;0.0;65.0;#FFFF00;0.0;0.0;0.0;0.0;0.0;0.0;18.0;238;1996-04-29
Intermarche - Wanty;taaramae rein;0.307;83;13;65.0;#FFFF00;0.0;0.0;0.0;0.0;7.0;8.43;83.0;0.36;79.0;13.0;66.0;#FFFF00;0.0;0.0;0.0;0.0;7.0;8.86;79.0;239;1987-04-02
Groupama - FDJ;madouas valentin;0.305;36;0;65.0;#FFFF00;0.0;0.0;0.0;0.0;4.0;11.11;36.0;0.32;29.0;0.0;65.0;#FFFF00;0.0;0.0;0.0;0.0;4.0;13.79;29.0;240;1996-07-12
UAE Team Emirates;arrieta igor;0.305;9;0;65.0;#FFFF00;0.0;0.0;0.0;0.0;0.0;0.0;9.0;0.474;5.0;0.0;68.0;#FFFF00;0.0;0.0;0.0;0.0;0.0;0.0;5.0;241;2002-12-08
Intermarche - Wanty;teunissen mike;0.296;50;21;65.0;#FFFF00;1.0;2.0;2.0;4.0;3.0;6.0;50.0;0.3;43.0;21.0;65.0;#FFFF00;1.0;2.33;2.0;4.65;3.0;6.98;43.0;242;1992-08-25
Arkea - B&B Hotels;louvel matis;0.288;20;0;65.0;#FFFF00;0.0;0.0;0.0;0.0;1.0;5.0;20.0;0.294;18.0;0.0;65.0;#FFFF00;0.0;0.0;0.0;0.0;1.0;5.56;18.0;243;1999-07-19
Arkea - B&B Hotels;verre alessandro;0.287;10;1;64.0;#FFFF00;0.0;0.0;0.0;0.0;1.0;10.0;10.0;0.322;5.0;0.0;65.0;#FFFF00;0.0;0.0;0.0;0.0;0.0;0.0;5.0;244;2001-11-17
Astana Qazaqstan Team;battistella samuele;0.279;22;0;64.0;#FFFF00;0.0;0.0;0.0;0.0;2.0;9.09;22.0;0.228;18.0;0.0;63.0;#FFFF00;0.0;0.0;0.0;0.0;2.0;11.11;18.0;245;1998-11-01
Lidl - Trek;stuyven jasper;0.278;55;23;64.0;#FFFF00;0.0;0.0;0.0;0.0;5.0;9.09;55.0;0.227;48.0;23.0;63.0;#FFFF00;0.0;0.0;0.0;0.0;4.0;8.33;48.0;246;1992-04-17
Arkea - B&B Hotels;thierry pierre;0.278;1;0;64.0;#FFFF00;0.0;0.0;0.0;0.0;0.0;0.0;1.0;;;;;;;;;;;;;247;2003-05-31
Bahrain - Victorious;pickering finlay;0.274;3;3;64.0;#FFFF00;0.0;0.0;0.0;0.0;1.0;33.33;3.0;;;;;;;;;;;;;248;2003-01-27
Soudal Quick-Step;vansevenant mauri;0.272;22;0;64.0;#FFFF00;0.0;0.0;0.0;0.0;0.0;0.0;22.0;0.432;16.0;0.0;67.0;#FFFF00;0.0;0.0;0.0;0.0;0.0;0.0;16.0;249;1999-06-01
EF Education - EasyPost;quinn sean;0.269;20;0;64.0;#FFFF00;0.0;0.0;0.0;0.0;1.0;5.0;20.0;0.094;14.0;0.0;61.0;#FFFF00;0.0;0.0;0.0;0.0;0.0;0.0;14.0;250;2000-05-10
Decathlon AG2R La Mondiale Team;berthet clement;0.269;17;0;64.0;#FFFF00;0.0;0.0;0.0;0.0;0.0;0.0;17.0;0.286;12.0;0.0;64.0;#FFFF00;0.0;0.0;0.0;0.0;0.0;0.0;12.0;251;1997-08-02
Soudal Quick-Step;serry pieter;0.263;50;0;64.0;#FFFF00;0.0;0.0;0.0;0.0;0.0;0.0;50.0;0.315;45.0;0.0;65.0;#FFFF00;0.0;0.0;0.0;0.0;0.0;0.0;45.0;252;1988-11-21
Alpecin - Deceuninck;janssens jimmy;0.26;22;12;64.0;#FFFF00;0.0;0.0;1.0;4.55;3.0;13.64;22.0;0.328;17.0;12.0;65.0;#FFFF00;0.0;0.0;1.0;5.88;3.0;17.65;17.0;253;1989-05-30
Team Visma | Lease a Bike;benoot tiesj;0.26;43;0;64.0;#FFFF00;0.0;0.0;0.0;0.0;0.0;0.0;43.0;0.339;39.0;0.0;65.0;#FFFF00;0.0;0.0;0.0;0.0;0.0;0.0;39.0;254;1994-03-11
Red Bull - BORA - hansgrohe;adria roger;0.255;19;4;64.0;#FFFF00;0.0;0.0;0.0;0.0;2.0;10.53;19.0;0.382;11.0;4.0;66.0;#FFFF00;0.0;0.0;0.0;0.0;2.0;18.18;11.0;255;1998-04-18
INEOS Grenadiers;fraile omar;0.254;52;3;64.0;#FFFF00;0.0;0.0;0.0;0.0;2.0;3.85;52.0;0.288;46.0;3.0;65.0;#FFFF00;0.0;0.0;0.0;0.0;2.0;4.35;46.0;256;1990-07-17
Red Bull - BORA - hansgrohe;luhrs luis-joe;0.253;9;0;64.0;#FFFF00;0.0;0.0;0.0;0.0;1.0;11.11;9.0;0.231;8.0;0.0;63.0;#FFFF00;0.0;0.0;0.0;0.0;1.0;12.5;8.0;257;2003-01-20
Arkea - B&B Hotels;demare arnaud;0.25;60;17;64.0;#FFFF00;1.0;1.67;2.0;3.33;6.0;10.0;60.0;0.274;54.0;17.0;64.0;#FFFF00;1.0;1.85;2.0;3.7;6.0;11.11;54.0;258;1991-08-26
INEOS Grenadiers;shmidt artem;0.248;2;0;64.0;#FFFF00;0.0;0.0;0.0;0.0;0.0;0.0;2.0;0.248;2.0;0.0;64.0;#FFFF00;0.0;0.0;0.0;0.0;0.0;0.0;2.0;259;2004-01-30
Movistar Team;jacobs johan;0.246;20;4;64.0;#FFFF00;0.0;0.0;0.0;0.0;2.0;10.0;20.0;0.275;14.0;3.0;64.0;#FFFF00;0.0;0.0;0.0;0.0;1.0;7.14;14.0;260;1997-03-01
Cofidis;fernandez ruben;0.246;46;8;64.0;#FFFF00;0.0;0.0;0.0;0.0;2.0;4.35;46.0;0.31;41.0;8.0;65.0;#FFFF00;0.0;0.0;0.0;0.0;2.0;4.88;41.0;261;1991-03-01
Lidl - Trek;lopez juan pedro;0.244;19;0;64.0;#FFFF00;0.0;0.0;0.0;0.0;0.0;0.0;19.0;0.228;16.0;0.0;63.0;#FFFF00;0.0;0.0;0.0;0.0;0.0;0.0;16.0;262;1997-07-31
Groupama - FDJ;molard rudy;0.241;59;0;64.0;#FFFF00;0.0;0.0;0.0;0.0;1.0;1.69;59.0;0.297;54.0;0.0;65.0;#FFFF00;0.0;0.0;0.0;0.0;1.0;1.85;54.0;263;1989-09-17
Arkea - B&B Hotels;riou alan;0.225;26;0;63.0;#FFFF00;0.0;0.0;0.0;0.0;1.0;3.85;26.0;0.423;19.0;0.0;67.0;#FFFF00;0.0;0.0;0.0;0.0;1.0;5.26;19.0;264;1997-04-02
Alpecin - Deceuninck;riesebeek oscar;0.221;40;1;63.0;#FFFF00;0.0;0.0;0.0;0.0;2.0;5.0;40.0;0.378;31.0;1.0;66.0;#FFFF00;0.0;0.0;0.0;0.0;2.0;6.45;31.0;265;1992-12-02
Cofidis;geschke simon;0.219;73;50;63.0;#FFFF00;0.0;0.0;1.0;1.37;3.0;4.11;73.0;0.229;67.0;50.0;63.0;#FFFF00;0.0;0.0;1.0;1.49;3.0;4.48;67.0;266;1986-03-01
Groupama - FDJ;russo clement;0.218;28;0;63.0;#FFFF00;0.0;0.0;0.0;0.0;0.0;0.0;28.0;0.251;22.0;0.0;64.0;#FFFF00;0.0;0.0;0.0;0.0;0.0;0.0;22.0;267;1995-01-20
Alpecin - Deceuninck;leysen senne;0.215;32;3;63.0;#FFFF00;0.0;0.0;0.0;0.0;1.0;3.12;32.0;0.253;27.0;3.0;64.0;#FFFF00;0.0;0.0;0.0;0.0;1.0;3.7;27.0;268;1996-03-18
EF Education - EasyPost;piccolo andrea;0.212;5;0;63.0;#FFFF00;0.0;0.0;0.0;0.0;0.0;0.0;5.0;0.366;3.0;0.0;66.0;#FFFF00;0.0;0.0;0.0;0.0;0.0;0.0;3.0;269;2001-03-02
Groupama - FDJ;bystrom sven erik;0.204;42;15;63.0;#FFFF00;0.0;0.0;0.0;0.0;1.0;2.38;42.0;0.19;37.0;15.0;63.0;#FFFF00;0.0;0.0;0.0;0.0;1.0;2.7;37.0;270;1992-01-21
Bahrain - Victorious;wisniowski lukasz;0.203;32;0;63.0;#FFFF00;0.0;0.0;0.0;0.0;1.0;3.12;32.0;0.315;29.0;0.0;65.0;#FFFF00;0.0;0.0;0.0;0.0;1.0;3.45;29.0;271;1991-12-07
Team Jayco AlUla;scotson callum;0.2;27;10;63.0;#FFFF00;0.0;0.0;0.0;0.0;2.0;7.41;27.0;0.096;22.0;10.0;61.0;#FFFF00;0.0;0.0;0.0;0.0;2.0;9.09;22.0;272;1996-08-10
Team dsm-firmenich PostNL;leemreize gijs;0.198;30;0;63.0;#FFFF00;0.0;0.0;0.0;0.0;1.0;3.33;30.0;0.258;20.0;0.0;64.0;#FFFF00;0.0;0.0;0.0;0.0;1.0;5.0;20.0;273;1999-10-02
Decathlon AG2R La Mondiale Team;gall felix;0.196;23;15;63.0;#FFFF00;0.0;0.0;0.0;0.0;0.0;0.0;23.0;0.232;15.0;15.0;63.0;#FFFF00;0.0;0.0;0.0;0.0;0.0;0.0;15.0;274;1998-02-27
Alpecin - Deceuninck;uhlig henri;0.195;3;0;63.0;#FFFF00;0.0;0.0;0.0;0.0;0.0;0.0;3.0;0.618;1.0;0.0;71.0;#ADFF2F;0.0;0.0;0.0;0.0;0.0;0.0;1.0;275;2001-08-01
Bahrain - Victorious;traeen torstein;0.191;15;3;63.0;#FFFF00;0.0;0.0;0.0;0.0;1.0;6.67;15.0;0.279;9.0;3.0;64.0;#FFFF00;0.0;0.0;0.0;0.0;1.0;11.11;9.0;276;1995-07-16
Movistar Team;sanchez pelayo;0.19;14;10;63.0;#FFFF00;0.0;0.0;0.0;0.0;1.0;7.14;14.0;0.19;6.0;0.0;63.0;#FFFF00;0.0;0.0;0.0;0.0;0.0;0.0;6.0;277;2000-03-27
Decathlon AG2R La Mondiale Team;gautherat pierre;0.19;9;0;63.0;#FFFF00;0.0;0.0;0.0;0.0;1.0;11.11;9.0;0.179;4.0;0.0;62.0;#FFFF00;0.0;0.0;0.0;0.0;0.0;0.0;4.0;278;2003-01-16
Team dsm-firmenich PostNL;dinham matthew;0.179;4;0;62.0;#FFFF00;0.0;0.0;0.0;0.0;0.0;0.0;4.0;0.179;4.0;0.0;62.0;#FFFF00;0.0;0.0;0.0;0.0;0.0;0.0;4.0;279;2000-04-09
Bahrain - Victorious;miholjevic fran;0.178;8;0;62.0;#FFFF00;0.0;0.0;0.0;0.0;0.0;0.0;8.0;0.425;3.0;0.0;67.0;#FFFF00;0.0;0.0;0.0;0.0;0.0;0.0;3.0;280;2002-08-02
Red Bull - BORA - hansgrohe;gamper patrick;0.17;28;130;62.0;#FFFF00;1.0;3.57;3.0;10.71;5.0;17.86;28.0;0.189;19.0;100.0;63.0;#FFFF00;1.0;5.26;2.0;10.53;4.0;21.05;19.0;281;1997-02-18
Red Bull - BORA - hansgrohe;denz nico;0.168;49;33;62.0;#FFFF00;0.0;0.0;0.0;0.0;2.0;4.08;49.0;0.214;45.0;33.0;63.0;#FFFF00;0.0;0.0;0.0;0.0;2.0;4.44;45.0;282;1994-02-15
Groupama - FDJ;germani lorenzo;0.163;16;1;62.0;#FFFF00;0.0;0.0;0.0;0.0;2.0;12.5;16.0;0.388;7.0;0.0;66.0;#FFFF00;0.0;0.0;0.0;0.0;1.0;14.29;7.0;283;2002-03-03
Intermarche - Wanty;page hugo;0.163;13;15;62.0;#FFFF00;0.0;0.0;0.0;0.0;1.0;7.69;13.0;0.464;8.0;15.0;68.0;#FFFF00;0.0;0.0;0.0;0.0;1.0;12.5;8.0;284;2001-07-02
Decathlon AG2R La Mondiale Team;peters nans;0.161;50;8;62.0;#FFFF00;0.0;0.0;0.0;0.0;1.0;2.0;50.0;0.088;41.0;8.0;61.0;#FFFF00;0.0;0.0;0.0;0.0;1.0;2.44;41.0;285;1994-03-12
Decathlon AG2R La Mondiale Team;vendrame andrea;0.151;38;0;62.0;#FFFF00;0.0;0.0;0.0;0.0;2.0;5.26;38.0;0.149;31.0;0.0;62.0;#FFFF00;0.0;0.0;0.0;0.0;2.0;6.45;31.0;286;1994-07-20
Decathlon AG2R La Mondiale Team;labrosse jordan;0.15;4;0;62.0;#FFFF00;0.0;0.0;0.0;0.0;0.0;0.0;4.0;0.982;1.0;0.0;78.0;#ADFF2F;0.0;0.0;0.0;0.0;0.0;0.0;1.0;287;2002-09-15
Team Jayco AlUla;zana filippo;0.148;18;2;62.0;#FFFF00;0.0;0.0;0.0;0.0;0.0;0.0;18.0;-0.108;13.0;0.0;57.0;#FFA500;0.0;0.0;0.0;0.0;0.0;0.0;13.0;288;1999-03-18
Team Jayco AlUla;juul-jensen christopher;0.148;63;6;62.0;#FFFF00;0.0;0.0;0.0;0.0;1.0;1.59;63.0;0.221;55.0;6.0;63.0;#FFFF00;0.0;0.0;0.0;0.0;1.0;1.82;55.0;289;1989-07-06
Alpecin - Deceuninck;hermans quinten;0.146;24;0;62.0;#FFFF00;0.0;0.0;0.0;0.0;0.0;0.0;24.0;0.091;17.0;0.0;61.0;#FFFF00;0.0;0.0;0.0;0.0;0.0;0.0;17.0;290;1995-07-29
EF Education - EasyPost;van den berg marijn;0.145;11;0;62.0;#FFFF00;0.0;0.0;0.0;0.0;1.0;9.09;11.0;0.302;6.0;0.0;65.0;#FFFF00;0.0;0.0;0.0;0.0;0.0;0.0;6.0;291;1999-07-19
Cofidis;coquard bryan;0.134;52;33;62.0;#FFFF00;1.0;1.92;3.0;5.77;3.0;5.77;52.0;0.176;48.0;33.0;62.0;#FFFF00;1.0;2.08;3.0;6.25;3.0;6.25;48.0;292;1992-04-25
Team Visma | Lease a Bike;vermote julien;0.125;61;3;61.0;#FFFF00;0.0;0.0;0.0;0.0;4.0;6.56;61.0;0.094;54.0;3.0;61.0;#FFFF00;0.0;0.0;0.0;0.0;4.0;7.41;54.0;293;1989-07-26
Decathlon AG2R La Mondiale Team;dewulf stan;0.122;24;1;61.0;#FFFF00;0.0;0.0;0.0;0.0;1.0;4.17;24.0;0.067;20.0;1.0;60.0;#FFFF00;0.0;0.0;0.0;0.0;1.0;5.0;20.0;294;1997-12-20
Decathlon AG2R La Mondiale Team;tronchon bastien;0.119;11;0;61.0;#FFFF00;0.0;0.0;0.0;0.0;0.0;0.0;11.0;0.144;6.0;0.0;62.0;#FFFF00;0.0;0.0;0.0;0.0;0.0;0.0;6.0;295;2002-03-29
Lidl - Trek;bernard julien;0.118;58;1;61.0;#FFFF00;0.0;0.0;0.0;0.0;1.0;1.72;58.0;0.089;50.0;1.0;61.0;#FFFF00;0.0;0.0;0.0;0.0;1.0;2.0;50.0;296;1992-03-17
Movistar Team;serrano gonzalo;0.115;21;0;61.0;#FFFF00;0.0;0.0;0.0;0.0;1.0;4.76;21.0;0.041;17.0;0.0;60.0;#FFFF00;0.0;0.0;0.0;0.0;0.0;0.0;17.0;297;1994-08-17
Soudal Quick-Step;knox james;0.114;40;0;61.0;#FFFF00;0.0;0.0;0.0;0.0;0.0;0.0;40.0;0.215;35.0;0.0;63.0;#FFFF00;0.0;0.0;0.0;0.0;0.0;0.0;35.0;298;1995-11-04
Movistar Team;guerreiro ruben;0.111;38;0;61.0;#FFFF00;0.0;0.0;0.0;0.0;0.0;0.0;38.0;0.146;35.0;0.0;62.0;#FFFF00;0.0;0.0;0.0;0.0;0.0;0.0;35.0;299;1994-07-06
Astana Qazaqstan Team;ballerini davide;0.109;31;17;61.0;#FFFF00;1.0;3.23;1.0;3.23;3.0;9.68;31.0;0.199;26.0;17.0;63.0;#FFFF00;1.0;3.85;1.0;3.85;3.0;11.54;26.0;300;1994-09-21
UAE Team Emirates;vink michael;0.109;6;0;61.0;#FFFF00;0.0;0.0;0.0;0.0;0.0;0.0;6.0;0.307;3.0;0.0;65.0;#FFFF00;0.0;0.0;0.0;0.0;0.0;0.0;3.0;301;1991-11-22
EF Education - EasyPost;chaves esteban;0.107;52;40;61.0;#FFFF00;0.0;0.0;1.0;1.92;4.0;7.69;52.0;0.153;48.0;40.0;62.0;#FFFF00;0.0;0.0;1.0;2.08;4.0;8.33;48.0;302;1990-01-17
Decathlon AG2R La Mondiale Team;cosnefroy benoit;0.103;31;35;61.0;#FFFF00;1.0;3.23;2.0;6.45;4.0;12.9;31.0;-0.019;27.0;15.0;59.0;#FFA500;0.0;0.0;1.0;3.7;3.0;11.11;27.0;303;1995-10-17
Groupama - FDJ;rochas remy;0.102;31;0;61.0;#FFFF00;0.0;0.0;0.0;0.0;1.0;3.23;31.0;0.004;25.0;0.0;59.0;#FFA500;0.0;0.0;0.0;0.0;1.0;4.0;25.0;304;1996-05-18
Bahrain - Victorious;zambanini edoardo;0.101;13;0;61.0;#FFFF00;0.0;0.0;0.0;0.0;0.0;0.0;13.0;-0.18;7.0;0.0;56.0;#FFA500;0.0;0.0;0.0;0.0;0.0;0.0;7.0;305;2001-04-21
Lidl - Trek;skujins toms;0.095;48;0;61.0;#FFFF00;0.0;0.0;0.0;0.0;2.0;4.17;48.0;0.075;42.0;0.0;60.0;#FFFF00;0.0;0.0;0.0;0.0;1.0;2.38;42.0;306;1991-06-15
Lidl - Trek;theuns edward;0.095;55;2;61.0;#FFFF00;0.0;0.0;0.0;0.0;1.0;1.82;55.0;0.057;48.0;2.0;60.0;#FFFF00;0.0;0.0;0.0;0.0;1.0;2.08;48.0;307;1991-04-30
Decathlon AG2R La Mondiale Team;lapeira paul;0.095;15;0;61.0;#FFFF00;0.0;0.0;0.0;0.0;0.0;0.0;15.0;0.061;9.0;0.0;60.0;#FFFF00;0.0;0.0;0.0;0.0;0.0;0.0;9.0;308;2000-05-25
Astana Qazaqstan Team;chzhan igor;0.093;8;0;61.0;#FFFF00;0.0;0.0;0.0;0.0;0.0;0.0;8.0;0.696;4.0;0.0;72.0;#ADFF2F;0.0;0.0;0.0;0.0;0.0;0.0;4.0;309;1999-10-02
Team dsm-firmenich PostNL;vermaerke kevin;0.09;17;0;61.0;#FFFF00;0.0;0.0;0.0;0.0;0.0;0.0;17.0;0.151;13.0;0.0;62.0;#FFFF00;0.0;0.0;0.0;0.0;0.0;0.0;13.0;310;2000-10-16
Team Visma | Lease a Bike;kuss sepp;0.089;46;65;61.0;#FFFF00;0.0;0.0;0.0;0.0;2.0;4.35;46.0;0.05;40.0;65.0;60.0;#FFFF00;0.0;0.0;0.0;0.0;2.0;5.0;40.0;311;1994-09-01
Alpecin - Deceuninck;gaze samuel;0.086;4;20;61.0;#FFFF00;0.0;0.0;0.0;0.0;1.0;25.0;4.0;0.086;4.0;20.0;61.0;#FFFF00;0.0;0.0;0.0;0.0;1.0;25.0;4.0;312;1995-12-12
Astana Qazaqstan Team;gazzoli michele;0.086;11;0;61.0;#FFFF00;0.0;0.0;0.0;0.0;0.0;0.0;11.0;0.464;8.0;0.0;68.0;#FFFF00;0.0;0.0;0.0;0.0;0.0;0.0;8.0;313;1999-03-04
Astana Qazaqstan Team;lopez harold martin;0.079;5;0;61.0;#FFFF00;0.0;0.0;0.0;0.0;0.0;0.0;5.0;;;;;;;;;;;;;314;2000-12-03
Alpecin - Deceuninck;laurance axel;0.079;12;0;61.0;#FFFF00;0.0;0.0;0.0;0.0;0.0;0.0;12.0;-0.033;6.0;0.0;58.0;#FFA500;0.0;0.0;0.0;0.0;0.0;0.0;6.0;315;2001-04-01
Arkea - B&B Hotels;grondin donavan;0.074;12;0;60.0;#FFFF00;0.0;0.0;0.0;0.0;0.0;0.0;12.0;0.137;7.0;0.0;62.0;#FFFF00;0.0;0.0;0.0;0.0;0.0;0.0;7.0;316;2000-09-26
Movistar Team;muhlberger gregor;0.072;34;14;60.0;#FFFF00;1.0;2.94;1.0;2.94;1.0;2.94;34.0;0.042;28.0;14.0;60.0;#FFFF00;1.0;3.57;1.0;3.57;1.0;3.57;28.0;317;1994-04-04
Intermarche - Wanty;meintjes louis;0.072;65;20;60.0;#FFFF00;0.0;0.0;1.0;1.54;2.0;3.08;65.0;0.102;56.0;20.0;61.0;#FFFF00;0.0;0.0;1.0;1.79;2.0;3.57;56.0;318;1992-02-21
Movistar Team;rubio einer;0.071;8;3;60.0;#FFFF00;0.0;0.0;0.0;0.0;1.0;12.5;8.0;;;;;;;;;;;;;319;1998-02-22
EF Education - EasyPost;shaw james;0.07;24;20;60.0;#FFFF00;0.0;0.0;1.0;4.17;2.0;8.33;24.0;0.097;15.0;20.0;61.0;#FFFF00;0.0;0.0;1.0;6.67;2.0;13.33;15.0;320;1996-06-01
Groupama - FDJ;pacher quentin;0.065;35;10;60.0;#FFFF00;0.0;0.0;0.0;0.0;0.0;0.0;35.0;-0.038;28.0;0.0;58.0;#FFA500;0.0;0.0;0.0;0.0;0.0;0.0;28.0;321;1992-01-06
Team dsm-firmenich PostNL;hamilton chris;0.062;50;0;60.0;#FFFF00;0.0;0.0;0.0;0.0;0.0;0.0;50.0;0.127;42.0;0.0;61.0;#FFFF00;0.0;0.0;0.0;0.0;0.0;0.0;42.0;322;1995-05-18
Lidl - Trek;nys thibau;0.058;11;0;60.0;#FFFF00;0.0;0.0;0.0;0.0;1.0;9.09;11.0;0.04;6.0;0.0;60.0;#FFFF00;0.0;0.0;0.0;0.0;1.0;16.67;6.0;323;2002-11-12
INEOS Grenadiers;puccio salvatore;0.052;66;0;60.0;#FFFF00;0.0;0.0;0.0;0.0;0.0;0.0;66.0;0.07;62.0;0.0;60.0;#FFFF00;0.0;0.0;0.0;0.0;0.0;0.0;62.0;324;1989-08-31
Team dsm-firmenich PostNL;degenkolb john;0.048;71;3;60.0;#FFFF00;0.0;0.0;0.0;0.0;3.0;4.23;71.0;0.044;66.0;3.0;60.0;#FFFF00;0.0;0.0;0.0;0.0;3.0;4.55;66.0;325;1989-01-07
Arkea - B&B Hotels;dekker david;0.046;15;0;60.0;#FFFF00;0.0;0.0;0.0;0.0;1.0;6.67;15.0;0.178;10.0;0.0;62.0;#FFFF00;0.0;0.0;0.0;0.0;1.0;10.0;10.0;326;1998-02-02
Team dsm-firmenich PostNL;barguil warren;0.043;51;0;60.0;#FFFF00;0.0;0.0;0.0;0.0;0.0;0.0;51.0;0.017;47.0;0.0;59.0;#FFA500;0.0;0.0;0.0;0.0;0.0;0.0;47.0;327;1991-10-28
UAE Team Emirates;laengen vegard stake;0.038;37;20;60.0;#FFFF00;0.0;0.0;1.0;2.7;2.0;5.41;37.0;0.139;33.0;20.0;62.0;#FFFF00;0.0;0.0;1.0;3.03;2.0;6.06;33.0;328;1989-02-07
Bahrain - Victorious;govekar matevz;0.036;9;45;60.0;#FFFF00;0.0;0.0;1.0;11.11;2.0;22.22;9.0;-0.276;4.0;15.0;54.0;#FFA500;0.0;0.0;0.0;0.0;1.0;25.0;4.0;329;2000-04-17
Alpecin - Deceuninck;conci nicola;0.033;35;0;60.0;#FFFF00;0.0;0.0;0.0;0.0;0.0;0.0;35.0;0.001;27.0;0.0;59.0;#FFA500;0.0;0.0;0.0;0.0;0.0;0.0;27.0;330;1997-01-05
Team dsm-firmenich PostNL;roosen timo;0.029;38;0;60.0;#FFFF00;0.0;0.0;0.0;0.0;1.0;2.63;38.0;0.105;35.0;0.0;61.0;#FFFF00;0.0;0.0;0.0;0.0;1.0;2.86;35.0;331;1993-01-11
Astana Qazaqstan Team;schelling ide;0.028;14;15;60.0;#FFFF00;0.0;0.0;0.0;0.0;2.0;14.29;14.0;0.205;9.0;15.0;63.0;#FFFF00;0.0;0.0;0.0;0.0;2.0;22.22;9.0;332;1998-02-06
Groupama - FDJ;konovalovas ignatas;0.022;63;9;59.0;#FFA500;0.0;0.0;0.0;0.0;3.0;4.76;63.0;0.022;63.0;9.0;59.0;#FFA500;0.0;0.0;0.0;0.0;3.0;4.76;63.0;333;1985-12-08
Movistar Team;moro manlio;0.02;3;0;59.0;#FFA500;0.0;0.0;0.0;0.0;0.0;0.0;3.0;;;;;;;;;;;;;334;2002-03-17
Team Visma | Lease a Bike;gloag thomas;0.02;6;0;59.0;#FFA500;0.0;0.0;0.0;0.0;0.0;0.0;6.0;-0.041;5.0;0.0;58.0;#FFA500;0.0;0.0;0.0;0.0;0.0;0.0;5.0;335;2001-09-13
Cofidis;de gendt aime;0.019;42;4;59.0;#FFA500;0.0;0.0;0.0;0.0;4.0;9.52;42.0;0.042;37.0;4.0;60.0;#FFFF00;0.0;0.0;0.0;0.0;4.0;10.81;37.0;336;1994-06-17
Alpecin - Deceuninck;dillier silvan;0.019;62;85;59.0;#FFA500;0.0;0.0;3.0;4.84;5.0;8.06;62.0;0.126;54.0;85.0;61.0;#FFFF00;0.0;0.0;3.0;5.56;5.0;9.26;54.0;337;1990-08-03
Astana Qazaqstan Team;gruzdev dmitriy;0.012;65;20;59.0;#FFA500;0.0;0.0;0.0;0.0;1.0;1.54;65.0;0.028;62.0;20.0;60.0;#FFFF00;0.0;0.0;0.0;0.0;1.0;1.61;62.0;338;1986-03-01
Soudal Quick-Step;lamperti luke;0.012;3;0;59.0;#FFA500;0.0;0.0;0.0;0.0;0.0;0.0;3.0;;;;;;;;;;;;;339;2002-12-31
Astana Qazaqstan Team;garofoli gianmarco;-0.002;7;0;59.0;#FFA500;0.0;0.0;0.0;0.0;0.0;0.0;7.0;-0.158;3.0;0.0;56.0;#FFA500;0.0;0.0;0.0;0.0;0.0;0.0;3.0;340;2002-10-06
Team Visma | Lease a Bike;vader milan;-0.01;9;0;59.0;#FFA500;0.0;0.0;0.0;0.0;0.0;0.0;9.0;0.33;4.0;0.0;65.0;#FFFF00;0.0;0.0;0.0;0.0;0.0;0.0;4.0;341;1996-02-18
Alpecin - Deceuninck;gogl michael;-0.017;39;0;59.0;#FFA500;0.0;0.0;0.0;0.0;1.0;2.56;39.0;0.013;36.0;0.0;59.0;#FFA500;0.0;0.0;0.0;0.0;1.0;2.78;36.0;342;1993-11-04
Cofidis;martin guillaume;-0.023;49;0;59.0;#FFA500;0.0;0.0;0.0;0.0;0.0;0.0;49.0;0.003;41.0;0.0;59.0;#FFA500;0.0;0.0;0.0;0.0;0.0;0.0;41.0;343;1993-06-09
Soudal Quick-Step;lecerf william junior;-0.025;6;0;59.0;#FFA500;0.0;0.0;0.0;0.0;0.0;0.0;6.0;-0.081;1.0;0.0;57.0;#FFA500;0.0;0.0;0.0;0.0;0.0;0.0;1.0;344;2002-10-15
Bahrain - Victorious;scott cameron;-0.025;5;40;59.0;#FFA500;0.0;0.0;1.0;20.0;1.0;20.0;5.0;0.654;2.0;0.0;71.0;#ADFF2F;0.0;0.0;0.0;0.0;0.0;0.0;2.0;345;1998-01-04
Lidl - Trek;simmons quinn;-0.027;14;0;59.0;#FFA500;0.0;0.0;0.0;0.0;1.0;7.14;14.0;-0.161;11.0;0.0;56.0;#FFA500;0.0;0.0;0.0;0.0;0.0;0.0;11.0;346;2001-05-08
Astana Qazaqstan Team;bol cees;-0.028;28;3;59.0;#FFA500;0.0;0.0;0.0;0.0;5.0;17.86;28.0;0.005;23.0;3.0;59.0;#FFA500;0.0;0.0;0.0;0.0;5.0;21.74;23.0;347;1995-07-27
Lidl - Trek;ronhaar pim;-0.028;1;0;59.0;#FFA500;0.0;0.0;0.0;0.0;0.0;0.0;1.0;;;;;;;;;;;;;348;2001-07-20
Arkea - B&B Hotels;biermans jenthe;-0.029;28;0;58.0;#FFA500;0.0;0.0;0.0;0.0;1.0;3.57;28.0;-0.029;24.0;0.0;58.0;#FFA500;0.0;0.0;0.0;0.0;1.0;4.17;24.0;349;1995-10-30
Arkea - B&B Hotels;ledanois kevin;-0.038;25;0;58.0;#FFA500;0.0;0.0;0.0;0.0;1.0;4.0;25.0;-0.038;25.0;0.0;58.0;#FFA500;0.0;0.0;0.0;0.0;1.0;4.0;25.0;350;1993-07-01
Team dsm-firmenich PostNL;liepins emils;-0.039;22;0;58.0;#FFA500;0.0;0.0;0.0;0.0;1.0;4.55;22.0;0.053;18.0;0.0;60.0;#FFFF00;0.0;0.0;0.0;0.0;1.0;5.56;18.0;351;1992-10-29
Cofidis;oldani stefano;-0.043;28;0;58.0;#FFA500;0.0;0.0;0.0;0.0;1.0;3.57;28.0;0.02;22.0;0.0;59.0;#FFA500;0.0;0.0;0.0;0.0;1.0;4.55;22.0;352;1998-01-10
Astana Qazaqstan Team;pronskiy vadim;-0.044;19;0;58.0;#FFA500;0.0;0.0;0.0;0.0;0.0;0.0;19.0;0.002;15.0;0.0;59.0;#FFA500;0.0;0.0;0.0;0.0;0.0;0.0;15.0;353;1998-06-04
Astana Qazaqstan Team;charmig anthon;-0.044;11;0;58.0;#FFA500;0.0;0.0;0.0;0.0;0.0;0.0;11.0;0.026;10.0;0.0;60.0;#FFFF00;0.0;0.0;0.0;0.0;0.0;0.0;10.0;354;1998-03-25
Groupama - FDJ;pithie laurence;-0.047;10;20;58.0;#FFA500;0.0;0.0;1.0;10.0;1.0;10.0;10.0;0.44;5.0;0.0;67.0;#FFFF00;0.0;0.0;0.0;0.0;0.0;0.0;5.0;355;2002-07-17
Decathlon AG2R La Mondiale Team;bonnamour franck;-0.054;23;0;58.0;#FFA500;0.0;0.0;0.0;0.0;0.0;0.0;23.0;-0.054;23.0;0.0;58.0;#FFA500;0.0;0.0;0.0;0.0;0.0;0.0;23.0;356;1995-06-20
UAE Team Emirates;hodeg alvaro jose;-0.058;18;0;58.0;#FFA500;0.0;0.0;0.0;0.0;1.0;5.56;18.0;0.109;16.0;0.0;61.0;#FFFF00;0.0;0.0;0.0;0.0;1.0;6.25;16.0;357;1996-09-16
Red Bull - BORA - hansgrohe;palzer anton;-0.062;15;0;58.0;#FFA500;0.0;0.0;0.0;0.0;0.0;0.0;15.0;-0.232;12.0;0.0;55.0;#FFA500;0.0;0.0;0.0;0.0;0.0;0.0;12.0;358;1993-03-11
Intermarche - Wanty;kuypers gerben;-0.068;2;0;58.0;#FFA500;0.0;0.0;0.0;0.0;0.0;0.0;2.0;;;;;;;;;;;;;359;2000-02-01
Alpecin - Deceuninck;philipsen jasper;-0.071;26;0;58.0;#FFA500;0.0;0.0;0.0;0.0;1.0;3.85;26.0;-0.12;21.0;0.0;57.0;#FFA500;0.0;0.0;0.0;0.0;1.0;4.76;21.0;360;1998-03-02
Astana Qazaqstan Team;brussenskiy gleb;-0.073;12;0;58.0;#FFA500;0.0;0.0;0.0;0.0;0.0;0.0;12.0;0.042;7.0;0.0;60.0;#FFFF00;0.0;0.0;0.0;0.0;0.0;0.0;7.0;361;2000-04-18
Decathlon AG2R La Mondiale Team;naesen oliver;-0.075;51;0;58.0;#FFA500;0.0;0.0;0.0;0.0;0.0;0.0;51.0;-0.06;45.0;0.0;58.0;#FFA500;0.0;0.0;0.0;0.0;0.0;0.0;45.0;362;1990-09-16
Red Bull - BORA - hansgrohe;van poppel danny;-0.08;53;53;58.0;#FFA500;2.0;3.77;3.0;5.66;5.0;9.43;53.0;-0.043;46.0;53.0;58.0;#FFA500;2.0;4.35;3.0;6.52;4.0;8.7;46.0;363;1993-07-26
Team Visma | Lease a Bike;hessmann michel;-0.08;8;1;58.0;#FFA500;0.0;0.0;0.0;0.0;1.0;12.5;8.0;-0.08;8.0;1.0;58.0;#FFA500;0.0;0.0;0.0;0.0;1.0;12.5;8.0;364;2001-04-06
Decathlon AG2R La Mondiale Team;bouchard geoffrey;-0.084;30;0;57.0;#FFA500;0.0;0.0;0.0;0.0;0.0;0.0;30.0;-0.027;27.0;0.0;59.0;#FFA500;0.0;0.0;0.0;0.0;0.0;0.0;27.0;365;1992-04-01
Team Jayco AlUla;engelhardt felix;-0.087;12;0;57.0;#FFA500;0.0;0.0;0.0;0.0;0.0;0.0;12.0;-0.241;4.0;0.0;54.0;#FFA500;0.0;0.0;0.0;0.0;0.0;0.0;4.0;366;2000-08-19
Bahrain - Victorious;bruttomesso alberto;-0.091;1;0;57.0;#FFA500;0.0;0.0;0.0;0.0;0.0;0.0;1.0;;;;;;;;;;;;;367;2003-10-30
Groupama - FDJ;sarreau marc;-0.105;40;6;57.0;#FFA500;0.0;0.0;1.0;2.5;4.0;10.0;40.0;-0.062;35.0;6.0;58.0;#FFA500;0.0;0.0;1.0;2.86;4.0;11.43;35.0;368;1993-06-10
Cofidis;noppe christophe;-0.106;26;0;57.0;#FFA500;0.0;0.0;0.0;0.0;1.0;3.85;26.0;-0.048;23.0;0.0;58.0;#FFA500;0.0;0.0;0.0;0.0;1.0;4.35;23.0;369;1994-11-29
Alpecin - Deceuninck;osborne jason;-0.113;10;0;57.0;#FFA500;0.0;0.0;0.0;0.0;2.0;20.0;10.0;0.426;7.0;0.0;67.0;#FFFF00;0.0;0.0;0.0;0.0;2.0;28.57;7.0;370;1994-03-20
Lidl - Trek;ciccone giulio;-0.12;38;0;57.0;#FFA500;0.0;0.0;0.0;0.0;1.0;2.63;38.0;-0.21;32.0;0.0;55.0;#FFA500;0.0;0.0;0.0;0.0;1.0;3.12;32.0;371;1994-12-20
Movistar Team;barrenetxea jon;-0.121;14;0;57.0;#FFA500;0.0;0.0;0.0;0.0;0.0;0.0;14.0;0.024;9.0;0.0;59.0;#FFA500;0.0;0.0;0.0;0.0;0.0;0.0;9.0;372;2000-04-20
Movistar Team;garcia cortina ivan;-0.122;36;0;57.0;#FFA500;0.0;0.0;0.0;0.0;0.0;0.0;36.0;-0.111;32.0;0.0;57.0;#FFA500;0.0;0.0;0.0;0.0;0.0;0.0;32.0;373;1995-11-20
Team Jayco AlUla;de pretto davide;-0.123;4;0;57.0;#FFA500;0.0;0.0;0.0;0.0;0.0;0.0;4.0;;;;;;;;;;;;;374;2002-04-19
Intermarche - Wanty;smith dion;-0.128;43;0;57.0;#FFA500;0.0;0.0;0.0;0.0;0.0;0.0;43.0;-0.09;36.0;0.0;57.0;#FFA500;0.0;0.0;0.0;0.0;0.0;0.0;36.0;375;1993-03-03
Team dsm-firmenich PostNL;bittner pavel;-0.131;13;3;57.0;#FFA500;0.0;0.0;0.0;0.0;1.0;7.69;13.0;-0.079;4.0;0.0;58.0;#FFA500;0.0;0.0;0.0;0.0;0.0;0.0;4.0;376;2002-10-29
Intermarche - Wanty;braet vito;-0.136;14;0;56.0;#FFA500;0.0;0.0;0.0;0.0;0.0;0.0;14.0;-0.147;8.0;0.0;56.0;#FFA500;0.0;0.0;0.0;0.0;0.0;0.0;8.0;377;2000-11-02
Intermarche - Wanty;busatto francesco;-0.146;3;0;56.0;#FFA500;0.0;0.0;0.0;0.0;0.0;0.0;3.0;;;;;;;;;;;;;378;2002-11-01
Arkea - B&B Hotels;ries michel;-0.148;19;90;56.0;#FFA500;0.0;0.0;3.0;15.79;3.0;15.79;19.0;-0.146;15.0;60.0;56.0;#FFA500;0.0;0.0;2.0;13.33;2.0;13.33;15.0;379;1998-03-11
Intermarche - Wanty;petit adrien;-0.149;48;26;56.0;#FFA500;1.0;2.08;1.0;2.08;4.0;8.33;48.0;-0.11;45.0;26.0;57.0;#FFA500;1.0;2.22;1.0;2.22;4.0;8.89;45.0;380;1990-09-26
Bahrain - Victorious;van mechelen vlad;-0.152;2;0;56.0;#FFA500;0.0;0.0;0.0;0.0;0.0;0.0;2.0;;;;;;;;;;;;;381;2004-06-02
Lidl - Trek;declercq tim;-0.171;42;0;56.0;#FFA500;0.0;0.0;0.0;0.0;0.0;0.0;42.0;-0.158;37.0;0.0;56.0;#FFA500;0.0;0.0;0.0;0.0;0.0;0.0;37.0;382;1989-03-21
Decathlon AG2R La Mondiale Team;lafay victor;-0.187;18;0;55.0;#FFA500;0.0;0.0;0.0;0.0;0.0;0.0;18.0;-0.116;15.0;0.0;57.0;#FFA500;0.0;0.0;0.0;0.0;0.0;0.0;15.0;383;1996-01-17
Astana Qazaqstan Team;morkov michael;-0.187;80;7;55.0;#FFA500;0.0;0.0;1.0;1.25;2.0;2.5;80.0;-0.088;74.0;7.0;57.0;#FFA500;0.0;0.0;1.0;1.35;2.0;2.7;74.0;384;1985-04-30
INEOS Grenadiers;narvaez jhonatan;-0.192;26;0;55.0;#FFA500;0.0;0.0;0.0;0.0;1.0;3.85;26.0;-0.182;22.0;0.0;56.0;#FFA500;0.0;0.0;0.0;0.0;1.0;4.55;22.0;385;1997-03-04
Alpecin - Deceuninck;kielich timo;-0.196;11;0;55.0;#FFA500;0.0;0.0;0.0;0.0;0.0;0.0;11.0;0.206;4.0;0.0;63.0;#FFFF00;0.0;0.0;0.0;0.0;0.0;0.0;4.0;386;1999-08-05
Groupama - FDJ;walls matthew;-0.197;9;0;55.0;#FFA500;0.0;0.0;0.0;0.0;1.0;11.11;9.0;-0.116;5.0;0.0;57.0;#FFA500;0.0;0.0;0.0;0.0;1.0;20.0;5.0;387;1998-04-20
Arkea - B&B Hotels;rodriguez cristian;-0.197;33;0;55.0;#FFA500;0.0;0.0;0.0;0.0;0.0;0.0;33.0;-0.259;25.0;0.0;54.0;#FFA500;0.0;0.0;0.0;0.0;0.0;0.0;25.0;388;1995-03-03
Lidl - Trek;consonni simone;-0.2;42;0;55.0;#FFA500;0.0;0.0;0.0;0.0;0.0;0.0;42.0;-0.206;35.0;0.0;55.0;#FFA500;0.0;0.0;0.0;0.0;0.0;0.0;35.0;389;1994-09-12
Movistar Team;arcas jorge;-0.201;41;1;55.0;#FFA500;0.0;0.0;0.0;0.0;1.0;2.44;41.0;-0.137;33.0;1.0;56.0;#FFA500;0.0;0.0;0.0;0.0;1.0;3.03;33.0;390;1992-07-08
Cofidis;mahoudo nolann;-0.202;4;0;55.0;#FFA500;0.0;0.0;0.0;0.0;0.0;0.0;4.0;;;;;;;;;;;;;391;2002-11-17
Movistar Team;rangel vinicius;-0.214;2;0;55.0;#FFA500;0.0;0.0;0.0;0.0;0.0;0.0;2.0;-0.214;2.0;0.0;55.0;#FFA500;0.0;0.0;0.0;0.0;0.0;0.0;2.0;392;2001-05-26
Intermarche - Wanty;zimmermann georg;-0.22;23;0;55.0;#FFA500;0.0;0.0;0.0;0.0;0.0;0.0;23.0;-0.226;19.0;0.0;55.0;#FFA500;0.0;0.0;0.0;0.0;0.0;0.0;19.0;393;1997-10-11
Arkea - B&B Hotels;owsian lukasz;-0.221;44;0;55.0;#FFA500;0.0;0.0;0.0;0.0;2.0;4.55;44.0;-0.111;36.0;0.0;57.0;#FFA500;0.0;0.0;0.0;0.0;2.0;5.56;36.0;394;1990-02-02
Cofidis;renard alexis;-0.225;19;0;55.0;#FFA500;0.0;0.0;0.0;0.0;0.0;0.0;19.0;-0.098;13.0;0.0;57.0;#FFA500;0.0;0.0;0.0;0.0;0.0;0.0;13.0;395;1999-06-01
Decathlon AG2R La Mondiale Team;prodhomme nicolas;-0.227;22;0;55.0;#FFA500;0.0;0.0;0.0;0.0;0.0;0.0;22.0;-0.454;14.0;0.0;50.0;#FFA500;0.0;0.0;0.0;0.0;0.0;0.0;14.0;396;1997-02-01
Bahrain - Victorious;stannard robert;-0.233;18;0;55.0;#FFA500;0.0;0.0;0.0;0.0;0.0;0.0;18.0;-0.157;17.0;0.0;56.0;#FFA500;0.0;0.0;0.0;0.0;0.0;0.0;17.0;397;1998-09-16
EF Education - EasyPost;ryan archie;-0.243;6;0;54.0;#FFA500;0.0;0.0;0.0;0.0;0.0;0.0;6.0;0.207;2.0;0.0;63.0;#FFFF00;0.0;0.0;0.0;0.0;0.0;0.0;2.0;398;2001-11-16
UAE Team Emirates;covi alessandro;-0.245;24;0;54.0;#FFA500;0.0;0.0;0.0;0.0;0.0;0.0;24.0;-0.294;19.0;0.0;53.0;#FFA500;0.0;0.0;0.0;0.0;0.0;0.0;19.0;399;1998-09-28
Alpecin - Deceuninck;van tricht stan;-0.245;12;0;54.0;#FFA500;0.0;0.0;0.0;0.0;0.0;0.0;12.0;0.071;8.0;0.0;60.0;#FFFF00;0.0;0.0;0.0;0.0;0.0;0.0;8.0;400;1999-09-20
Groupama - FDJ;barthe cyril;-0.253;29;0;54.0;#FFA500;0.0;0.0;0.0;0.0;0.0;0.0;29.0;-0.301;22.0;0.0;53.0;#FFA500;0.0;0.0;0.0;0.0;0.0;0.0;22.0;401;1996-02-01
Groupama - FDJ;van den berg lars;-0.262;9;0;54.0;#FFA500;0.0;0.0;0.0;0.0;0.0;0.0;9.0;-0.396;8.0;0.0;51.0;#FFA500;0.0;0.0;0.0;0.0;0.0;0.0;8.0;402;1998-07-07
Red Bull - BORA - hansgrohe;koch jonas;-0.269;31;0;54.0;#FFA500;0.0;0.0;0.0;0.0;0.0;0.0;31.0;-0.221;28.0;0.0;55.0;#FFA500;0.0;0.0;0.0;0.0;0.0;0.0;28.0;403;1993-06-25
Alpecin - Deceuninck;vermeersch gianni;-0.269;22;10;54.0;#FFA500;0.0;0.0;0.0;0.0;1.0;4.55;22.0;-0.385;16.0;0.0;52.0;#FFA500;0.0;0.0;0.0;0.0;0.0;0.0;16.0;404;1992-11-19
Soudal Quick-Step;van lerberghe bert;-0.272;46;0;54.0;#FFA500;0.0;0.0;0.0;0.0;1.0;2.17;46.0;-0.236;39.0;0.0;55.0;#FFA500;0.0;0.0;0.0;0.0;1.0;2.56;39.0;405;1992-09-29
Alpecin - Deceuninck;bayer tobias;-0.274;20;26;54.0;#FFA500;0.0;0.0;0.0;0.0;3.0;15.0;20.0;-0.333;15.0;25.0;53.0;#FFA500;0.0;0.0;0.0;0.0;2.0;13.33;15.0;406;1999-11-17
Groupama - FDJ;askey lewis;-0.277;13;1;54.0;#FFA500;0.0;0.0;0.0;0.0;1.0;7.69;13.0;-0.161;9.0;1.0;56.0;#FFA500;0.0;0.0;0.0;0.0;1.0;11.11;9.0;407;2001-05-04
INEOS Grenadiers;viviani elia;-0.279;71;0;54.0;#FFA500;0.0;0.0;0.0;0.0;0.0;0.0;71.0;-0.266;68.0;0.0;54.0;#FFA500;0.0;0.0;0.0;0.0;0.0;0.0;68.0;408;1989-02-07
Astana Qazaqstan Team;kanter max;-0.281;21;0;54.0;#FFA500;0.0;0.0;0.0;0.0;0.0;0.0;21.0;-0.31;16.0;0.0;53.0;#FFA500;0.0;0.0;0.0;0.0;0.0;0.0;16.0;409;1997-10-22
UAE Team Emirates;oliveira rui;-0.281;23;0;54.0;#FFA500;0.0;0.0;0.0;0.0;0.0;0.0;23.0;-0.483;17.0;0.0;50.0;#FFA500;0.0;0.0;0.0;0.0;0.0;0.0;17.0;410;1996-09-05
EF Education - EasyPost;lovidius edvin;-0.291;1;0;53.0;#FFA500;0.0;0.0;0.0;0.0;0.0;0.0;1.0;;;;;;;;;;;;;411;2002-03-02
Soudal Quick-Step;huby antoine;-0.291;2;0;54.0;#FFA500;0.0;0.0;0.0;0.0;0.0;0.0;2.0;;;;;;;;;;;;;412;2001-01-19
Soudal Quick-Step;gelders gil;-0.293;5;0;53.0;#FFA500;0.0;0.0;0.0;0.0;0.0;0.0;5.0;-0.879;1.0;0.0;42.0;#FF0000;0.0;0.0;0.0;0.0;0.0;0.0;1.0;413;2002-12-16
INEOS Grenadiers;wurf cameron;-0.293;21;0;53.0;#FFA500;0.0;0.0;0.0;0.0;0.0;0.0;21.0;-0.219;19.0;0.0;55.0;#FFA500;0.0;0.0;0.0;0.0;0.0;0.0;19.0;414;1983-08-03
Cofidis;lastra jonathan;-0.296;35;0;53.0;#FFA500;0.0;0.0;0.0;0.0;0.0;0.0;35.0;-0.289;31.0;0.0;54.0;#FFA500;0.0;0.0;0.0;0.0;0.0;0.0;31.0;415;1993-06-03
Alpecin - Deceuninck;plowright jensen;-0.298;6;0;53.0;#FFA500;0.0;0.0;0.0;0.0;0.0;0.0;6.0;-0.028;4.0;0.0;58.0;#FFA500;0.0;0.0;0.0;0.0;0.0;0.0;4.0;416;2000-05-15
Alpecin - Deceuninck;groves kaden;-0.299;20;39;53.0;#FFA500;1.0;5.0;1.0;5.0;2.0;10.0;20.0;-0.28;15.0;39.0;54.0;#FFA500;1.0;6.67;1.0;6.67;2.0;13.33;15.0;417;1998-12-02
Cofidis;allegaert piet;-0.305;28;5;53.0;#FFA500;0.0;0.0;1.0;3.57;3.0;10.71;28.0;-0.236;25.0;5.0;55.0;#FFA500;0.0;0.0;1.0;4.0;3.0;12.0;25.0;418;1995-01-20
Lidl - Trek;ghebreigzabhier amanuel;-0.308;36;3;53.0;#FFA500;0.0;0.0;0.0;0.0;0.0;0.0;36.0;-0.225;31.0;3.0;55.0;#FFA500;0.0;0.0;0.0;0.0;0.0;0.0;31.0;419;1994-08-17
Lidl - Trek;mosca jacopo;-0.309;37;3;53.0;#FFA500;0.0;0.0;0.0;0.0;1.0;2.7;37.0;-0.299;31.0;3.0;53.0;#FFA500;0.0;0.0;0.0;0.0;1.0;3.23;31.0;420;1993-08-29
Soudal Quick-Step;vangheluwe warre;-0.311;4;0;53.0;#FFA500;0.0;0.0;0.0;0.0;0.0;0.0;4.0;;;;;;;;;;;;;421;2001-07-23
Team Jayco AlUla;jansen amund grondahl;-0.313;31;0;53.0;#FFA500;0.0;0.0;0.0;0.0;0.0;0.0;31.0;-0.263;27.0;0.0;54.0;#FFA500;0.0;0.0;0.0;0.0;0.0;0.0;27.0;422;1994-02-11
Cofidis;robeet ludovic;-0.313;26;0;53.0;#FFA500;0.0;0.0;0.0;0.0;0.0;0.0;26.0;-0.37;23.0;0.0;52.0;#FFA500;0.0;0.0;0.0;0.0;0.0;0.0;23.0;423;1994-05-22
Alpecin - Deceuninck;boven lars;-0.324;4;0;53.0;#FFA500;0.0;0.0;0.0;0.0;0.0;0.0;4.0;0.026;2.0;0.0;60.0;#FFFF00;0.0;0.0;0.0;0.0;0.0;0.0;2.0;424;2001-08-01
Team Jayco AlUla;berhe welay hagos;-0.35;10;0;52.0;#FFA500;0.0;0.0;0.0;0.0;0.0;0.0;10.0;-0.578;3.0;0.0;48.0;#FF0000;0.0;0.0;0.0;0.0;0.0;0.0;3.0;425;2001-10-22
INEOS Grenadiers;swift ben;-0.35;59;0;52.0;#FFA500;0.0;0.0;0.0;0.0;0.0;0.0;59.0;-0.338;55.0;0.0;53.0;#FFA500;0.0;0.0;0.0;0.0;0.0;0.0;55.0;426;1987-11-05
Red Bull - BORA - hansgrohe;meeus jordi;-0.357;26;0;52.0;#FFA500;0.0;0.0;0.0;0.0;2.0;7.69;26.0;-0.398;22.0;0.0;51.0;#FFA500;0.0;0.0;0.0;0.0;1.0;4.55;22.0;427;1998-07-01
Astana Qazaqstan Team;cavendish mark;-0.359;56;2;52.0;#FFA500;0.0;0.0;1.0;1.79;2.0;3.57;56.0;-0.307;50.0;2.0;53.0;#FFA500;0.0;0.0;1.0;2.0;2.0;4.0;50.0;428;1985-05-21
Arkea - B&B Hotels;venturini clement;-0.364;37;5;52.0;#FFA500;0.0;0.0;1.0;2.7;1.0;2.7;37.0;-0.37;32.0;5.0;52.0;#FFA500;0.0;0.0;1.0;3.12;1.0;3.12;32.0;429;1993-10-16
Astana Qazaqstan Team;kuzmin anton;-0.368;6;0;52.0;#FFA500;0.0;0.0;0.0;0.0;0.0;0.0;6.0;;;;;;;;;;;;;430;1996-11-20
Alpecin - Deceuninck;vergallito luca;-0.373;10;0;52.0;#FFA500;0.0;0.0;0.0;0.0;0.0;0.0;10.0;0.464;2.0;0.0;68.0;#FFFF00;0.0;0.0;0.0;0.0;0.0;0.0;2.0;431;1997-09-14
Cofidis;wood harrison;-0.378;12;0;52.0;#FFA500;0.0;0.0;0.0;0.0;0.0;0.0;12.0;-0.294;5.0;0.0;53.0;#FFA500;0.0;0.0;0.0;0.0;0.0;0.0;5.0;432;2000-06-01
Arkea - B&B Hotels;albanese vincenzo;-0.379;25;0;52.0;#FFA500;0.0;0.0;0.0;0.0;0.0;0.0;25.0;-0.471;21.0;0.0;50.0;#FFA500;0.0;0.0;0.0;0.0;0.0;0.0;21.0;433;1996-11-12
Bahrain - Victorious;buratti nicolo;-0.381;2;0;52.0;#FFA500;0.0;0.0;0.0;0.0;0.0;0.0;2.0;-0.736;1.0;0.0;45.0;#FF0000;0.0;0.0;0.0;0.0;0.0;0.0;1.0;434;2001-07-07
Decathlon AG2R La Mondiale Team;de bondt dries;-0.382;29;0;52.0;#FFA500;0.0;0.0;0.0;0.0;0.0;0.0;29.0;-0.415;24.0;0.0;51.0;#FFA500;0.0;0.0;0.0;0.0;0.0;0.0;24.0;435;1991-07-04
Intermarche - Wanty;mihkels madis;-0.387;7;0;52.0;#FFA500;0.0;0.0;0.0;0.0;1.0;14.29;7.0;-0.005;5.0;0.0;59.0;#FFA500;0.0;0.0;0.0;0.0;1.0;20.0;5.0;436;2003-05-31
Arkea - B&B Hotels;gesbert elie;-0.39;22;0;52.0;#FFA500;0.0;0.0;0.0;0.0;0.0;0.0;22.0;-0.244;20.0;0.0;54.0;#FFA500;0.0;0.0;0.0;0.0;0.0;0.0;20.0;437;1995-07-01
Team dsm-firmenich PostNL;naberman tim;-0.404;13;0;51.0;#FFA500;0.0;0.0;0.0;0.0;0.0;0.0;13.0;-0.261;7.0;0.0;54.0;#FFA500;0.0;0.0;0.0;0.0;0.0;0.0;7.0;438;1999-05-11
Arkea - B&B Hotels;capiot amaury;-0.405;20;0;51.0;#FFA500;0.0;0.0;0.0;0.0;0.0;0.0;20.0;-0.393;18.0;0.0;52.0;#FFA500;0.0;0.0;0.0;0.0;0.0;0.0;18.0;439;1993-06-25
Bahrain - Victorious;pasqualon andrea;-0.405;49;0;51.0;#FFA500;0.0;0.0;0.0;0.0;1.0;2.04;49.0;-0.415;42.0;0.0;51.0;#FFA500;0.0;0.0;0.0;0.0;1.0;2.38;42.0;440;1988-01-02
Intermarche - Wanty;rex laurenz;-0.405;15;0;51.0;#FFA500;0.0;0.0;0.0;0.0;0.0;0.0;15.0;-0.506;9.0;0.0;49.0;#FF0000;0.0;0.0;0.0;0.0;0.0;0.0;9.0;441;1999-12-15
Cofidis;debeaumarche nicolas;-0.408;4;0;51.0;#FFA500;0.0;0.0;0.0;0.0;0.0;0.0;4.0;-0.712;1.0;0.0;45.0;#FF0000;0.0;0.0;0.0;0.0;0.0;0.0;1.0;442;1998-02-02
Team Jayco AlUla;porter rudy;-0.408;3;0;51.0;#FFA500;0.0;0.0;0.0;0.0;0.0;0.0;3.0;-0.234;2.0;0.0;55.0;#FFA500;0.0;0.0;0.0;0.0;0.0;0.0;2.0;443;2000-12-15
Team Jayco AlUla;maas jan;-0.409;13;0;51.0;#FFA500;0.0;0.0;0.0;0.0;0.0;0.0;13.0;-0.546;8.0;0.0;49.0;#FF0000;0.0;0.0;0.0;0.0;0.0;0.0;8.0;444;1996-02-19
Team dsm-firmenich PostNL;markl niklas;-0.417;16;0;51.0;#FFA500;0.0;0.0;0.0;0.0;0.0;0.0;16.0;-0.311;10.0;0.0;53.0;#FFA500;0.0;0.0;0.0;0.0;0.0;0.0;10.0;445;1999-03-03
Movistar Team;torres albert;-0.419;27;0;51.0;#FFA500;0.0;0.0;0.0;0.0;0.0;0.0;27.0;-0.41;24.0;0.0;51.0;#FFA500;0.0;0.0;0.0;0.0;0.0;0.0;24.0;446;1990-04-26
Alpecin - Deceuninck;sinkeldam ramon;-0.424;50;5;51.0;#FFA500;0.0;0.0;0.0;0.0;1.0;2.0;50.0;-0.414;47.0;5.0;51.0;#FFA500;0.0;0.0;0.0;0.0;1.0;2.13;47.0;447;1989-02-09
Intermarche - Wanty;rota lorenzo;-0.425;37;0;51.0;#FFA500;0.0;0.0;0.0;0.0;0.0;0.0;37.0;-0.459;33.0;0.0;50.0;#FFA500;0.0;0.0;0.0;0.0;0.0;0.0;33.0;448;1995-05-02
Red Bull - BORA - hansgrohe;benedetti cesare;-0.431;59;0;51.0;#FFA500;0.0;0.0;0.0;0.0;0.0;0.0;59.0;-0.439;54.0;0.0;51.0;#FFA500;0.0;0.0;0.0;0.0;0.0;0.0;54.0;449;1987-08-03
Movistar Team;gaviria fernando;-0.434;42;0;51.0;#FFA500;0.0;0.0;0.0;0.0;1.0;2.38;42.0;-0.329;37.0;0.0;53.0;#FFA500;0.0;0.0;0.0;0.0;1.0;2.7;37.0;450;1994-08-19
Alpecin - Deceuninck;ghys robbe;-0.436;14;0;51.0;#FFA500;0.0;0.0;0.0;0.0;0.0;0.0;14.0;-0.431;9.0;0.0;51.0;#FFA500;0.0;0.0;0.0;0.0;0.0;0.0;9.0;451;1997-01-11
Soudal Quick-Step;warlop jordi;-0.459;15;0;50.0;#FFA500;0.0;0.0;0.0;0.0;0.0;0.0;15.0;-0.549;11.0;0.0;49.0;#FF0000;0.0;0.0;0.0;0.0;0.0;0.0;11.0;452;1996-06-04
Team dsm-firmenich PostNL;koerdt bjoern;-0.466;1;0;50.0;#FFA500;0.0;0.0;0.0;0.0;0.0;0.0;1.0;;;;;;;;;;;;;453;2004-07-20
Lidl - Trek;verona carlos;-0.467;58;0;50.0;#FFA500;0.0;0.0;0.0;0.0;0.0;0.0;58.0;-0.466;52.0;0.0;50.0;#FFA500;0.0;0.0;0.0;0.0;0.0;0.0;52.0;454;1992-11-04
Team dsm-firmenich PostNL;andresen tobias lund;-0.47;11;0;50.0;#FFA500;0.0;0.0;0.0;0.0;0.0;0.0;11.0;0.095;6.0;0.0;61.0;#FFFF00;0.0;0.0;0.0;0.0;0.0;0.0;6.0;455;2002-08-20
Intermarche - Wanty;petilli simone;-0.473;35;0;50.0;#FFA500;0.0;0.0;0.0;0.0;0.0;0.0;35.0;-0.403;31.0;0.0;51.0;#FFA500;0.0;0.0;0.0;0.0;0.0;0.0;31.0;456;1993-05-04
Intermarche - Wanty;de pooter dries;-0.477;7;0;50.0;#FFA500;0.0;0.0;0.0;0.0;0.0;0.0;7.0;-0.421;4.0;0.0;51.0;#FFA500;0.0;0.0;0.0;0.0;0.0;0.0;4.0;457;2002-11-08
Intermarche - Wanty;van poppel boy;-0.486;54;0;50.0;#FFA500;0.0;0.0;0.0;0.0;0.0;0.0;54.0;-0.494;52.0;0.0;50.0;#FFA500;0.0;0.0;0.0;0.0;0.0;0.0;52.0;458;1988-01-18
Bahrain - Victorious;arashiro yukiya;-0.493;66;0;50.0;#FFA500;0.0;0.0;0.0;0.0;0.0;0.0;66.0;-0.503;64.0;0.0;49.0;#FF0000;0.0;0.0;0.0;0.0;0.0;0.0;64.0;459;1984-09-22
Team dsm-firmenich PostNL;combaud romain;-0.495;32;0;50.0;#FFA500;0.0;0.0;0.0;0.0;0.0;0.0;32.0;-0.499;29.0;0.0;50.0;#FFA500;0.0;0.0;0.0;0.0;0.0;0.0;29.0;460;1991-04-01
Cofidis;champion thomas;-0.502;23;0;49.0;#FF0000;0.0;0.0;0.0;0.0;0.0;0.0;23.0;-0.516;16.0;0.0;49.0;#FF0000;0.0;0.0;0.0;0.0;0.0;0.0;16.0;461;1999-09-08
Team Jayco AlUla;foldager anders;-0.504;3;0;49.0;#FF0000;0.0;0.0;0.0;0.0;0.0;0.0;3.0;;;;;;;;;;;;;462;2001-07-27
Cofidis;aniolkowski stanislaw;-0.509;14;0;49.0;#FF0000;0.0;0.0;0.0;0.0;1.0;7.14;14.0;-0.255;9.0;0.0;54.0;#FFA500;0.0;0.0;0.0;0.0;1.0;11.11;9.0;463;1997-01-20
Astana Qazaqstan Team;fortunato lorenzo;-0.532;22;0;49.0;#FF0000;0.0;0.0;0.0;0.0;0.0;0.0;22.0;-0.745;14.0;0.0;45.0;#FF0000;0.0;0.0;0.0;0.0;0.0;0.0;14.0;464;1996-05-09
Bahrain - Victorious;rajovic dusan;-0.533;6;0;49.0;#FF0000;0.0;0.0;0.0;0.0;0.0;0.0;6.0;-0.47;5.0;0.0;50.0;#FFA500;0.0;0.0;0.0;0.0;0.0;0.0;5.0;465;1997-11-19
Alpecin - Deceuninck;van den bossche fabio;-0.535;16;1;49.0;#FF0000;0.0;0.0;0.0;0.0;1.0;6.25;16.0;-0.711;10.0;1.0;45.0;#FF0000;0.0;0.0;0.0;0.0;1.0;10.0;10.0;466;2000-09-21
Red Bull - BORA - hansgrohe;wandahl frederik;-0.542;14;0;49.0;#FF0000;0.0;0.0;0.0;0.0;0.0;0.0;14.0;-0.557;11.0;0.0;48.0;#FF0000;0.0;0.0;0.0;0.0;0.0;0.0;11.0;467;2001-05-09
Intermarche - Wanty;girmay biniam;-0.544;11;0;49.0;#FF0000;0.0;0.0;0.0;0.0;0.0;0.0;11.0;-0.267;7.0;0.0;54.0;#FFA500;0.0;0.0;0.0;0.0;0.0;0.0;7.0;468;2000-04-02
Cofidis;elissonde kenny;-0.559;53;0;48.0;#FF0000;0.0;0.0;0.0;0.0;0.0;0.0;53.0;-0.534;50.0;0.0;49.0;#FF0000;0.0;0.0;0.0;0.0;0.0;0.0;50.0;469;1991-07-22
Soudal Quick-Step;merlier tim;-0.562;25;0;48.0;#FF0000;0.0;0.0;0.0;0.0;0.0;0.0;25.0;-0.445;18.0;0.0;51.0;#FFA500;0.0;0.0;0.0;0.0;0.0;0.0;18.0;470;1992-10-30
Groupama - FDJ;le gac olivier;-0.568;49;0;48.0;#FF0000;0.0;0.0;0.0;0.0;0.0;0.0;49.0;-0.49;43.0;0.0;50.0;#FFA500;0.0;0.0;0.0;0.0;0.0;0.0;43.0;471;1993-08-27
Team Jayco AlUla;quick blake;-0.569;6;0;48.0;#FF0000;0.0;0.0;0.0;0.0;0.0;0.0;6.0;-0.268;2.0;0.0;54.0;#FFA500;0.0;0.0;0.0;0.0;0.0;0.0;2.0;472;2000-02-26
Lidl - Trek;tesfatsion natnael;-0.57;14;0;48.0;#FF0000;0.0;0.0;0.0;0.0;0.0;0.0;14.0;-0.722;12.0;0.0;45.0;#FF0000;0.0;0.0;0.0;0.0;0.0;0.0;12.0;473;1999-05-02
Intermarche - Wanty;marit arne;-0.577;15;0;48.0;#FF0000;0.0;0.0;0.0;0.0;0.0;0.0;15.0;-0.517;10.0;0.0;49.0;#FF0000;0.0;0.0;0.0;0.0;0.0;0.0;10.0;474;1999-01-21
Team Jayco AlUla;stewart campbell;-0.602;9;0;48.0;#FF0000;0.0;0.0;0.0;0.0;0.0;0.0;9.0;-0.559;7.0;0.0;48.0;#FF0000;0.0;0.0;0.0;0.0;0.0;0.0;7.0;475;1998-05-12
Intermarche - Wanty;planckaert baptiste;-0.604;21;0;48.0;#FF0000;0.0;0.0;0.0;0.0;0.0;0.0;21.0;-0.604;21.0;0.0;48.0;#FF0000;0.0;0.0;0.0;0.0;0.0;0.0;21.0;476;1988-09-28
Soudal Quick-Step;magnier paul;-0.605;1;0;48.0;#FF0000;0.0;0.0;0.0;0.0;0.0;0.0;1.0;;;;;;;;;;;;;477;2004-04-14
Arkea - B&B Hotels;mclay daniel;-0.608;37;0;47.0;#FF0000;0.0;0.0;0.0;0.0;2.0;5.41;37.0;-0.556;30.0;0.0;48.0;#FF0000;0.0;0.0;0.0;0.0;2.0;6.67;30.0;478;1992-01-03
Red Bull - BORA - hansgrohe;haller marco;-0.628;54;0;47.0;#FF0000;0.0;0.0;0.0;0.0;2.0;3.7;54.0;-0.655;48.0;0.0;47.0;#FF0000;0.0;0.0;0.0;0.0;1.0;2.08;48.0;479;1991-04-01
EF Education - EasyPost;van der lee jardi christiaan;-0.63;1;0;47.0;#FF0000;0.0;0.0;0.0;0.0;0.0;0.0;1.0;;;;;;;;;;;;;480;2001-08-06
UAE Team Emirates;novak domen;-0.636;25;5;47.0;#FF0000;0.0;0.0;0.0;0.0;1.0;4.0;25.0;-0.661;22.0;5.0;46.0;#FF0000;0.0;0.0;0.0;0.0;1.0;4.55;22.0;481;1995-07-12
Team Visma | Lease a Bike;kooij olav;-0.65;15;10;47.0;#FF0000;0.0;0.0;1.0;6.67;1.0;6.67;15.0;-0.564;11.0;10.0;48.0;#FF0000;0.0;0.0;1.0;9.09;1.0;9.09;11.0;482;2001-10-17
Intermarche - Wanty;thijssen gerben;-0.664;21;0;46.0;#FF0000;0.0;0.0;0.0;0.0;0.0;0.0;21.0;-0.638;15.0;0.0;47.0;#FF0000;0.0;0.0;0.0;0.0;0.0;0.0;15.0;483;1998-06-21
Astana Qazaqstan Team;vinokurov nicolas;-0.664;3;0;46.0;#FF0000;0.0;0.0;0.0;0.0;0.0;0.0;3.0;;;;;;;;;;;;;484;2002-07-07
Decathlon AG2R La Mondiale Team;retailleau valentin;-0.665;9;0;46.0;#FF0000;0.0;0.0;0.0;0.0;0.0;0.0;9.0;-0.753;3.0;0.0;45.0;#FF0000;0.0;0.0;0.0;0.0;0.0;0.0;3.0;485;2000-06-18
Movistar Team;pedrero antonio;-0.677;36;0;46.0;#FF0000;0.0;0.0;0.0;0.0;0.0;0.0;36.0;-0.62;34.0;0.0;47.0;#FF0000;0.0;0.0;0.0;0.0;0.0;0.0;34.0;486;1991-10-02
Decathlon AG2R La Mondiale Team;bennett sam;-0.68;37;5;46.0;#FF0000;0.0;0.0;1.0;2.7;3.0;8.11;37.0;-0.712;31.0;5.0;45.0;#FF0000;0.0;0.0;1.0;3.23;2.0;6.45;31.0;487;1990-10-16
Lidl - Trek;vergaerde otto;-0.682;28;3;46.0;#FF0000;0.0;0.0;0.0;0.0;0.0;0.0;28.0;-0.72;24.0;3.0;45.0;#FF0000;0.0;0.0;0.0;0.0;0.0;0.0;24.0;488;1994-07-15
Team Jayco AlUla;pena jesus david;-0.685;7;0;46.0;#FF0000;0.0;0.0;0.0;0.0;0.0;0.0;7.0;-2.059;1.0;0.0;40.0;#FF0000;0.0;0.0;0.0;0.0;0.0;0.0;1.0;489;2000-05-08
INEOS Grenadiers;rowe luke;-0.686;60;0;46.0;#FF0000;0.0;0.0;0.0;0.0;0.0;0.0;60.0;-0.672;58.0;0.0;46.0;#FF0000;0.0;0.0;0.0;0.0;0.0;0.0;58.0;490;1990-03-10
Team dsm-firmenich PostNL;flynn sean;-0.689;10;0;46.0;#FF0000;0.0;0.0;0.0;0.0;0.0;0.0;10.0;-0.774;5.0;0.0;44.0;#FF0000;0.0;0.0;0.0;0.0;0.0;0.0;5.0;491;2000-03-02
Alpecin - Deceuninck;planckaert edward;-0.696;33;0;46.0;#FF0000;0.0;0.0;0.0;0.0;0.0;0.0;33.0;-0.629;26.0;0.0;47.0;#FF0000;0.0;0.0;0.0;0.0;0.0;0.0;26.0;492;1995-02-01
UAE Team Emirates;molano juan sebastian;-0.697;27;0;46.0;#FF0000;0.0;0.0;0.0;0.0;0.0;0.0;27.0;-0.686;23.0;0.0;46.0;#FF0000;0.0;0.0;0.0;0.0;0.0;0.0;23.0;493;1994-11-04
Intermarche - Wanty;colleoni kevin;-0.697;13;4;46.0;#FF0000;0.0;0.0;0.0;0.0;2.0;15.38;13.0;-0.311;7.0;4.0;53.0;#FFA500;0.0;0.0;0.0;0.0;2.0;28.57;7.0;494;1999-11-11
Decathlon AG2R La Mondiale Team;pollefliet gianluca;-0.7;2;0;46.0;#FF0000;0.0;0.0;0.0;0.0;0.0;0.0;2.0;;;;;;;;;;;;;495;2002-01-28
Cofidis;mariault axel;-0.706;4;0;46.0;#FF0000;0.0;0.0;0.0;0.0;0.0;0.0;4.0;0.103;1.0;0.0;61.0;#FFFF00;0.0;0.0;0.0;0.0;0.0;0.0;1.0;496;1998-06-07
Cofidis;toumire hugo;-0.707;12;0;46.0;#FF0000;0.0;0.0;0.0;0.0;0.0;0.0;12.0;-0.454;8.0;0.0;50.0;#FFA500;0.0;0.0;0.0;0.0;0.0;0.0;8.0;497;2001-10-05
Intermarche - Wanty;van der hoorn taco;-0.712;24;0;45.0;#FF0000;0.0;0.0;0.0;0.0;0.0;0.0;24.0;-0.74;23.0;0.0;45.0;#FF0000;0.0;0.0;0.0;0.0;0.0;0.0;23.0;498;1993-12-04
Arkea - B&B Hotels;guglielmi simon;-0.713;23;0;45.0;#FF0000;0.0;0.0;0.0;0.0;0.0;0.0;23.0;-0.666;17.0;0.0;46.0;#FF0000;0.0;0.0;0.0;0.0;0.0;0.0;17.0;499;1997-07-01
Groupama - FDJ;lienhard fabian;-0.719;24;0;45.0;#FF0000;0.0;0.0;0.0;0.0;0.0;0.0;24.0;-0.638;17.0;0.0;47.0;#FF0000;0.0;0.0;0.0;0.0;0.0;0.0;17.0;500;1993-09-03
Arkea - B&B Hotels;le berre mathis;-0.719;9;0;45.0;#FF0000;0.0;0.0;0.0;0.0;0.0;0.0;9.0;-0.624;6.0;0.0;47.0;#FF0000;0.0;0.0;0.0;0.0;0.0;0.0;6.0;501;2001-04-16
Astana Qazaqstan Team;selig rudiger;-0.73;40;0;45.0;#FF0000;0.0;0.0;0.0;0.0;1.0;2.5;40.0;-0.71;36.0;0.0;46.0;#FF0000;0.0;0.0;0.0;0.0;1.0;2.78;36.0;502;1989-02-19
Alpecin - Deceuninck;ballerstedt maurice;-0.739;7;0;45.0;#FF0000;0.0;0.0;0.0;0.0;0.0;0.0;7.0;-0.797;3.0;0.0;44.0;#FF0000;0.0;0.0;0.0;0.0;0.0;0.0;3.0;503;2001-01-16
Movistar Team;samitier sergio;-0.743;29;0;45.0;#FF0000;0.0;0.0;0.0;0.0;0.0;0.0;29.0;-0.716;27.0;0.0;45.0;#FF0000;0.0;0.0;0.0;0.0;0.0;0.0;27.0;504;1995-08-31
Soudal Quick-Step;bastiaens ayco;-0.747;8;0;45.0;#FF0000;0.0;0.0;0.0;0.0;0.0;0.0;8.0;-0.864;3.0;0.0;43.0;#FF0000;0.0;0.0;0.0;0.0;0.0;0.0;3.0;505;1996-06-03
Team Visma | Lease a Bike;van der sande tosh;-0.748;73;0;45.0;#FF0000;0.0;0.0;0.0;0.0;0.0;0.0;73.0;-0.729;68.0;0.0;45.0;#FF0000;0.0;0.0;0.0;0.0;0.0;0.0;68.0;506;1990-11-28
Arkea - B&B Hotels;barre louis;-0.752;5;0;45.0;#FF0000;0.0;0.0;0.0;0.0;0.0;0.0;5.0;-0.707;4.0;0.0;46.0;#FF0000;0.0;0.0;0.0;0.0;0.0;0.0;4.0;507;2000-04-06
Bahrain - Victorious;bauhaus phil;-0.753;27;0;45.0;#FF0000;0.0;0.0;0.0;0.0;0.0;0.0;27.0;-0.658;21.0;0.0;47.0;#FF0000;0.0;0.0;0.0;0.0;0.0;0.0;21.0;508;1994-07-08
EF Education - EasyPost;rootkin-gray jack;-0.761;5;0;45.0;#FF0000;0.0;0.0;0.0;0.0;0.0;0.0;5.0;;;;;;;;;;;;;509;2002-11-05
EF Education - EasyPost;cepeda jefferson alexander;-0.773;14;20;44.0;#FF0000;0.0;0.0;1.0;7.14;1.0;7.14;14.0;-0.835;8.0;20.0;43.0;#FF0000;0.0;0.0;1.0;12.5;1.0;12.5;8.0;510;1998-06-16
Astana Qazaqstan Team;marukhin daniil;-0.788;5;0;44.0;#FF0000;0.0;0.0;0.0;0.0;0.0;0.0;5.0;;;;;;;;;;;;;511;1999-02-13
Team Jayco AlUla;mezgec luka;-0.805;51;0;44.0;#FF0000;0.0;0.0;0.0;0.0;0.0;0.0;51.0;-0.787;47.0;0.0;44.0;#FF0000;0.0;0.0;0.0;0.0;0.0;0.0;47.0;512;1988-06-27
Cofidis;larmet ilan;-0.809;2;3;44.0;#FF0000;0.0;0.0;0.0;0.0;0.0;0.0;2.0;-0.277;1.0;0.0;54.0;#FFA500;0.0;0.0;0.0;0.0;0.0;0.0;1.0;513;2001-06-09
Intermarche - Wanty;faure prost alexy;-0.818;5;0;43.0;#FF0000;0.0;0.0;0.0;0.0;0.0;0.0;5.0;;;;;;;;;;;;;514;2004-04-22
Soudal Quick-Step;hirt jan;-0.82;45;0;43.0;#FF0000;0.0;0.0;0.0;0.0;0.0;0.0;45.0;-0.903;40.0;0.0;42.0;#FF0000;0.0;0.0;0.0;0.0;0.0;0.0;40.0;515;1991-01-21
Astana Qazaqstan Team;umba santiago;-0.842;6;0;43.0;#FF0000;0.0;0.0;0.0;0.0;0.0;0.0;6.0;;;;;;;;;;;;;516;2002-11-20
Astana Qazaqstan Team;mulubrhan henok;-0.846;8;0;43.0;#FF0000;0.0;0.0;0.0;0.0;0.0;0.0;8.0;-1.109;3.0;0.0;40.0;#FF0000;0.0;0.0;0.0;0.0;0.0;0.0;3.0;517;1999-11-11
Decathlon AG2R La Mondiale Team;paret-peintre valentin;-0.903;16;0;42.0;#FF0000;0.0;0.0;0.0;0.0;0.0;0.0;16.0;-0.759;8.0;0.0;45.0;#FF0000;0.0;0.0;0.0;0.0;0.0;0.0;8.0;518;2001-01-01
Movistar Team;cimolai davide;-0.91;70;0;42.0;#FF0000;0.0;0.0;0.0;0.0;0.0;0.0;70.0;-0.896;64.0;0.0;42.0;#FF0000;0.0;0.0;0.0;0.0;0.0;0.0;64.0;519;1989-08-01
Team dsm-firmenich PostNL;jakobsen fabio;-0.956;27;0;41.0;#FF0000;0.0;0.0;0.0;0.0;1.0;3.7;27.0;-0.858;22.0;0.0;43.0;#FF0000;0.0;0.0;0.0;0.0;1.0;4.55;22.0;520;1996-08-31
Arkea - B&B Hotels;huys laurens;-0.963;21;0;41.0;#FF0000;0.0;0.0;0.0;0.0;0.0;0.0;21.0;-0.779;15.0;0.0;44.0;#FF0000;0.0;0.0;0.0;0.0;0.0;0.0;15.0;521;1998-09-02
Team Jayco AlUla;groenewegen dylan;-0.975;40;0;40.0;#FF0000;0.0;0.0;0.0;0.0;0.0;0.0;40.0;-0.932;37.0;0.0;41.0;#FF0000;0.0;0.0;0.0;0.0;0.0;0.0;37.0;522;1993-06-21
Movistar Team;sosa ivan ramiro;-0.978;21;0;40.0;#FF0000;0.0;0.0;0.0;0.0;0.0;0.0;21.0;-0.863;17.0;0.0;43.0;#FF0000;0.0;0.0;0.0;0.0;0.0;0.0;17.0;523;1997-10-31
Team dsm-firmenich PostNL;welten bram;-1.007;26;0;40.0;#FF0000;0.0;0.0;0.0;0.0;0.0;0.0;26.0;-0.909;20.0;0.0;42.0;#FF0000;0.0;0.0;0.0;0.0;0.0;0.0;20.0;524;1997-03-29
Team Jayco AlUla;ewan caleb;-1.007;37;16;40.0;#FF0000;0.0;0.0;2.0;5.41;3.0;8.11;37.0;-0.945;32.0;16.0;41.0;#FF0000;0.0;0.0;2.0;6.25;3.0;9.38;32.0;525;1994-07-11
Intermarche - Wanty;paquot tom;-1.036;11;0;40.0;#FF0000;0.0;0.0;0.0;0.0;0.0;0.0;11.0;-1.133;5.0;0.0;40.0;#FF0000;0.0;0.0;0.0;0.0;0.0;0.0;5.0;526;1999-09-22
Groupama - FDJ;thompson reuben;-1.121;13;3;40.0;#FF0000;0.0;0.0;0.0;0.0;1.0;7.69;13.0;-0.562;4.0;0.0;48.0;#FF0000;0.0;0.0;0.0;0.0;0.0;0.0;4.0;527;2001-02-15
Cofidis;fine eddy;-1.135;10;0;40.0;#FF0000;0.0;0.0;0.0;0.0;0.0;0.0;10.0;-1.08;9.0;0.0;40.0;#FF0000;0.0;0.0;0.0;0.0;0.0;0.0;9.0;528;1997-11-20
Arkea - B&B Hotels;mozzato luca;-1.17;16;0;40.0;#FF0000;0.0;0.0;0.0;0.0;0.0;0.0;16.0;-1.297;12.0;0.0;40.0;#FF0000;0.0;0.0;0.0;0.0;0.0;0.0;12.0;529;1998-02-15
Astana Qazaqstan Team;gidich yevgeniy;-1.175;20;0;40.0;#FF0000;0.0;0.0;0.0;0.0;0.0;0.0;20.0;-1.099;18.0;0.0;40.0;#FF0000;0.0;0.0;0.0;0.0;0.0;0.0;18.0;530;1996-05-19
Decathlon AG2R La Mondiale Team;hanninen jaakko;-1.177;19;0;40.0;#FF0000;0.0;0.0;0.0;0.0;0.0;0.0;19.0;-1.319;14.0;0.0;40.0;#FF0000;0.0;0.0;0.0;0.0;0.0;0.0;14.0;531;1997-04-16
